"","name","cluster","Urban.Aggl","ID","Latitude","Longitude","X2018","X1980","pop_growth","pop_growth_rate","urban_cluster","multiGHS","Country.Co","Country.or","City.Code","Continent","pop_mean","pop_sum","Area","plain_area","plain_perc","disc","alti","clim","prec","clco","biom","popd","hdev","pop_den","selection1_GSW","selection1_Discourses"
"1","Lvliang--China","cl2","Lvliang","1009136_205666",37.5195,111.1318,394.567,22.421,16.5980999955399,43.6792105145787,1,1,156,"China",205666,"AS",109.028709184108,457920.579,41925861.89,8111928.735,19.348,6.148,1393,"c08",514,"c16","b04",190.982,736,0.0109221506334548,TRUE,TRUE
"2","Sevilla--Spain","cl1","Sevilla","1017555_22562",37.3824,-5.9761,707.112,646.336,0.0940315872858698,0.247451545489131,1,1,724,"Spain",22562,"EU",56.1639709533182,915472.727,162710571.6,91126379.7,56.005,189.948,208,"c12",605,"c16","b12",129.081,853,0.00562638750511279,TRUE,TRUE
"3","Adana--Turkey","cl1","Adana","1040443_22647",37.0017,35.3289,1729.859,568.377,2.0435063347039,5.3776482492208,1,1,792,"Turkey",22647,"AS",49.2759250016193,655369.803,132753374.6,43471363.38,32.746,126.839,1391,"c08",555,"c12","b12",71.014,767,0.0049367468433454,TRUE,TRUE
"4","Nagano--Japan","cl2","Nagano","1069267_21645",36.6514,138.1811,375.462,175.55,1.13877527769866,2.99677704657542,1,1,392,"Japan",21645,"AS",30.2522554618367,290421.652,95817582.6,48896366.45,51.031,485.866,914,"c10",1631,"c04","b04",182.575,904,0.00303098496246136,TRUE,TRUE
"5","Xining--China","cl1","Xining","1071153_20736",36.6167,101.7667,1451.555,427.437,2.39595074829741,6.30513354815108,1,1,156,"China",20736,"AS",97.4128223760128,1305331.82,133737808.1,36084291.85,26.981,45.475,3016,"c07",442,"c13","b10",196.907,678,0.00976037994449529,TRUE,TRUE
"6","Ji'nan, Shandong--China","cl2","Ji'nan, Shandong","1073035_20567",36.6767,116.9971,5051.675,1260,3.00926587301587,7.91912071846282,1,1,156,"China",20567,"AS",68.3202817488766,3757615.496,548934287.1,173928657.5,31.685,1490.638,91,"c11",604,"c16","b04",831.836,766,0.00684529202183989,TRUE,TRUE
"7","Visalia--United States of America","cl1","Visalia","1084665_23172",36.3241,-119.3073,361.103,59.471,5.07191740512182,13.3471510661101,1,1,840,"United States of America",23172,"AN",15.5113408585056,111681.654,71854174.18,4193695.882,5.836,84.166,836,"c12",372,"c04","b08",37.254,951,0.00155428206189148,TRUE,TRUE
"8","Daejon--Republic of Korea","cl2","Daejon","1087679_21764",36.3214,127.4197,1558.244,640.557,1.43263909378869,3.77010287839128,1,1,410,"Republic of Korea",21764,"AS",73.339662834322,1518131.021,206584882.5,7057107.826,3.416,214.015,229,"c11",1284,"c04","b04",363.549,901,0.00734870336410022,TRUE,TRUE
"9","Al-Mawsil (Mosul)--Iraq","cl1","Al-Mawsil (Mosul)","1087681_21536",36.335,43.1189,1527.315,489.305,2.12139667487559,5.58262282861997,1,1,368,"Iraq",21536,"AS",145.491990175268,1469469.101,100799838.3,44165876.01,43.815,822.444,405,"c14",577,"c14","b08",161.027,644,0.0145780898638604,TRUE,TRUE
"10","Qacentina--Algeria","cl1","Qacentina","1087683_20019",36.3549,6.6073,417.758,375.749,0.111800696741708,0.294212359846599,1,1,12,"Algeria",20019,"AF",46.5055422465373,548765.399,117763766.6,17073125.6,14.498,46.198,744,"c11",683,"c12","b12",269.371,745,0.00465988321232925,TRUE,TRUE
"11","Pohang--Republic of Korea","cl2","Pohang","1105613_21755",36.0172,129.3602,355.115,171.277,1.0733373424336,2.82457195377264,1,1,410,"Republic of Korea",21755,"AS",36.4447795785473,397248.097,108774193.9,15310331.8,14.075,1.812,457,"c10",1073,"c02","b04",330.848,758,0.00365204358457672,TRUE,TRUE
"12","Al-Raqqa--Syrian Arab Republic","cl1","Al-Raqqa","1110071_22607",35.95,39.0167,505.731,79.459,5.36467863929825,14.1175753665744,1,1,760,"Syrian Arab Republic",22607,"AS",56.5723051020536,209317.529,36918262.55,30437594.89,82.446,736.887,348,"c12",228,"c14","b08",83.896,536,0.00566975568572633,TRUE,TRUE
"13","Knoxville--United States of America","cl2","Knoxville","1112362_23032",35.9607,-83.9277,707.333,285.183,1.48027757615286,3.89546730566541,1,1,840,"United States of America",23032,"AN",10.2134456376548,145030.928,141702353.3,13750702.52,9.704,782.609,703,"c11",1559,"c06","b04",66.772,866,0.00102348990417225,TRUE,TRUE
"14","Deir El-Zor(Deir ez-Zor)--Syrian Arab Republic","cl1","Deir El-Zor(Deir ez-Zor)","1149258_22611",35.3322,40.1502,313.629,88.855,2.52967193742614,6.65703141427933,1,1,760,"Syrian Arab Republic",22611,"AS",101.172961938291,222580.516,21950911.11,17678647.85,80.537,756.545,333,"c14",200,"c19","b08",48.943,536,0.0101399215223736,TRUE,TRUE
"15","Sanandaj--Iran (Islamic Republic of)","cl1","Sanandaj","1149279_21518",35.3144,46.9923,427.643,126.775,2.37324393610728,6.24537877922967,1,1,364,"Iran (Islamic Republic of)",21518,"AS",54.2971450133487,342072.014,62857168.24,2854017.853,4.54,58.555,1893,"c09",490,"c14","b04",80.05,774,0.00544205257058204,TRUE,TRUE
"16","Hamah--Syrian Arab Republic","cl1","Hamah","1163725_22612",35.1318,36.7578,893.572,241.442,2.70097994549416,7.10784196182673,1,1,760,"Syrian Arab Republic",22612,"AS",63.904588616014,293961.108,45895781.92,7577123.344,16.509,197.443,669,"c12",543,"c14","b12",213.463,607,0.00640497003651441,TRUE,TRUE
"17","Busan--Republic of Korea","cl2","Busan","1163957_21757",35.1028,129.0403,3466.898,2905.86,0.193071242248422,0.508082216443216,2,1,410,"Republic of Korea",21757,"AS",78.8756936121823,3604619.198,455964633,32018960.93,7.022,1.812,457,"c10",1073,"c02","b04",330.848,758,0.00790547980505321,TRUE,TRUE
"18","Linyi, Shandong--China","cl2","Linyi, Shandong","1172834_20604",35.0541,118.3334,1843.391,127.756,13.4289974639156,35.3394670103042,1,1,156,"China",20604,"AS",25.7630055169944,1252082.068,484893262.9,173390119.9,35.758,100.308,204,"c11",783,"c16","b04",588.648,768,0.00258218078863722,TRUE,TRUE
"19","Tongchuan--China","cl2","Tongchuan","1177245_20695",34.8988,108.9506,528.034,202.5,1.60757530864198,4.23046133853151,1,1,156,"China",20695,"AS",33.4590763460934,143874.028,42899974.83,1160038.022,2.704,14.359,918,"c11",576,"c16","b04",413.303,738,0.00335370891405252,TRUE,TRUE
"20","Little Rock--United States of America","cl2","Little Rock","1186175_23049",34.742,-92.2754,500.491,295.383,0.694379839056412,1.82731536593792,1,1,840,"United States of America",23049,"AN",10.4904747334788,156308.074,148643535.7,60157148.01,40.471,1267.921,95,"c11",1275,"c16","b04",93.48,797,0.00105156321305131,TRUE,TRUE
"21","Huntsville--United States of America","cl2","Huntsville","1190263_23016",34.7297,-86.5898,366.024,154.45,1.36985432178699,3.60487979417628,1,1,840,"United States of America",23016,"AN",12.1949817969812,108535.338,88790301.21,18756085.61,21.124,2039.762,264,"c11",1437,"c02","b04",47.135,811,0.00122237830619923,TRUE,FALSE
"22","Oujda--Morocco","cl1","Oujda","1190598_21898",34.6805,-1.9076,535.609,240.845,1.22387427598663,3.22072177891219,1,1,504,"Morocco",21898,"AF",87.7038112614375,561304.392,63848162.79,1579670.368,2.474,6.195,731,"c12",434,"c12","b12",176.692,716,0.00879123795380236,TRUE,TRUE
"23","Kénitra--Morocco","cl2","Kénitra","1215342_21894",34.261,-6.5802,462.615,177.424,1.60739809721345,4.22999499266699,1,1,504,"Morocco",21894,"AF",63.801672704043,542314.218,84789699.85,40525976.59,47.796,135.366,60,"c14",564,"c02","b12",602.333,647,0.00639599171785486,TRUE,TRUE
"24","Oxnard--United States of America","cl1","Oxnard","1221296_23092",34.1975,-119.1771,393.709,264.194,0.490226878733052,1.29007073350803,1,1,840,"United States of America",23092,"AN",22.7423624764256,320667.311,140653412.4,9424338.632,6.7,0.066,563,"c12",474,"c04","b12",751.882,951,0.00227984025078654,TRUE,TRUE
"25","Srinagar--India","cl2","Srinagar","1230487_21411",34.0837,74.7974,1514.504,602.272,1.51465118750332,3.98592417764032,1,1,356,"India",21411,"AS",81.5182597849185,1255381.201,153616327.9,110677281.6,72.048,542.207,1699,"c16",702,"c16","b04",341.852,629,0.0081721859789359,TRUE,TRUE
"26","Columbia, South Carolina--United States of America","cl2","Columbia, South Carolina","1230559_22962",33.9995,-81.0365,685.903,311.968,1.19863255205662,3.15429618962269,1,1,840,"United States of America",22962,"AN",12.3631779882685,165666.585,133661961.1,13092286.74,9.795,343.353,222,"c11",1263,"c04","b04",88.099,875,0.00123944451837015,TRUE,TRUE
"27","Fès--Morocco","cl1","Fès","1230569_21893",34.0372,-4.9998,1183.927,510.258,1.32025171579867,3.47434662052283,1,1,504,"Morocco",21893,"AF",116.726846323479,1319013.363,112714573.5,11083685.5,9.833,21.309,1351,"c09",490,"c12","b12",203.351,647,0.0117022433039681,TRUE,TRUE
"28","Huaibei--China","cl2","Huaibei","1235024_20544",33.9549,116.7929,1076.373,182.07,4.911863568957,12.9259567604131,1,1,156,"China",20544,"AS",52.4544644064436,949425.806,180542441.4,180542441.4,100,59.531,29,"c11",734,"c16","b04",532.086,733,0.00525874026427117,TRUE,TRUE
"29","Rabat--Morocco","cl1","Rabat","1235681_21899",34.0133,-6.8326,1846.661,807.684,1.28636570738061,3.3851729141595,1,1,504,"Morocco",21899,"AF",93.7962481795388,2016619.336,214456775.3,14620343.23,6.817,0.389,492,"c12",482,"c16","b12",388.5,647,0.00940338365705156,TRUE,TRUE
"30","Hanzhong--China","cl2","Hanzhong","1275047_20525",33.0728,107.0303,580.48,95.592,5.07247468407398,13.3486175896684,1,1,156,"China",20525,"AS",62.5087292318408,331296.265,52856021.46,32475595.13,61.442,375.458,1105,"c11",893,"c02","b04",142.295,738,0.00626790015307368,TRUE,TRUE
"31","Kumamoto--Japan","cl2","Kumamoto","1292597_21633",32.7897,130.7417,744.339,423.12,0.759167612024958,1.99780950532884,1,1,392,"Japan",21633,"AS",29.9501647362578,675975.218,225373887,43291601.91,19.209,1.625,302,"c11",2233,"c04","b04",412.946,893,0.00299935022197136,TRUE,TRUE
"32","Ankang--China","cl2","Ankang","1296245_23575",32.6912,109.0297,574.071,66.995,7.56886334801105,19.9180614421343,1,1,156,"China",23575,"AS",69.5690894054703,640035.623,91742717.01,67304827.29,73.363,644.151,964,"c11",953,"c13","b04",151.465,738,0.00697641887944343,TRUE,TRUE
"33","Esfahan--Iran (Islamic Republic of)","cl2","Esfahan","1300291_21493",32.6572,51.6776,2040.574,766.609,1.66181847591145,4.37320651555645,1,1,364,"Iran (Islamic Republic of)",21493,"AS",49.1588425360148,1754970.679,355996390.1,331592277.4,93.145,78.553,1943,"c12",151,"c19","b04",97.99,774,0.00492974290696325,TRUE,TRUE
"34","Dallas-Fort Worth--United States of America","cl1","Dallas-Fort Worth","1302960_22966",32.7254,-97.3209,6098.781,2467.657,1.47148651534634,3.87233293512194,2,1,840,"United States of America",22966,"AN",15.4508030663577,5882120.727,3796456439,461784471.5,12.164,35.764,274,"c12",830,"c13","b08",254.594,908,0.00154937132073333,TRUE,TRUE
"35","Kut--Iraq","cl1","Kut","1304773_21535",32.5,45.8333,456.46,112.518,3.05677313852006,8.04413983821068,1,1,368,"Iraq",21535,"AS",77.0902104445605,423996.157,54845537.73,17209563.94,31.378,1412.873,27,"c15",153,"c18","b13",309.768,649,0.00773073206223809,TRUE,TRUE
"36","Sialkot--Pakistan","cl2","Sialkot","1317400_22058",32.5,74.5167,676.297,292.814,1.30964707971613,3.44643968346351,1,1,586,"Pakistan",22058,"AS",96.7980113618036,2284433.068,235325917,38781159.25,16.48,921.136,1970,"c16",686,"c16","b13",319.832,705,0.00970752859320633,TRUE,TRUE
"37","Nanjing, Jiangsu--China","cl2","Nanjing, Jiangsu","1343065_20625",32.0482,118.7898,8244.627,1730.913,3.7631666062939,9.9030700165629,1,1,156,"China",20625,"AS",98.9328912896778,6282238.597,633124533.5,548804070.4,86.682,29559.17,29,"c11",1053,"c04","b04",1634.177,783,0.00992259542095283,TRUE,TRUE
"38","Amara--Iraq","cl2","Amara","1343111_21527",31.8344,47.1524,607.692,141.677,3.28927772327195,8.65599400861039,1,1,368,"Iraq",21527,"AS",100.386431831976,562164.018,55832998.18,55832998.18,100,1527.128,220,"c15",231,"c19","b09",45.739,703,0.0100686697172815,TRUE,TRUE
"39","Bur Sa'id--Egypt","cl1","Bur Sa'id","1375356_22823",31.2565,32.2841,711.311,306.134,1.32352825886703,3.48296910228166,1,1,818,"Egypt",22823,"AF",174.468373041213,802554.516,45858934.39,5688624.222,12.405,0,126,"c15",38,"c19","b13",192.642,691,0.0175005051180388,TRUE,TRUE
"40","Al-Mansurah--Egypt","cl2","Al-Mansurah","1387971_22819",31.0364,31.3807,537.804,278.834,0.928760481146488,2.44410652933286,1,1,818,"Egypt",22819,"AF",113.197942301308,1369695.102,120621621.8,71539400.31,59.309,0.004,44,"c14",60,"c16","b09",1350.503,691,0.0113553033159433,TRUE,TRUE
"41","Nasiriyah--Iraq","cl1","Nasiriyah","1387992_21538",31.0333,46.2667,583.789,162.71,2.58791100731362,6.81029212450954,1,1,368,"Iraq",21538,"AS",134.392039309318,712277.808,52832578.63,576564.758,1.091,943.264,6,"c16",102,"c14","b13",167.412,649,0.0134817914716649,TRUE,TRUE
"42","Dujiangyan--China","cl2","Dujiangyan","1392291_23611",30.9966,103.6281,367.672,42.245,7.70332583737721,20.2719100983611,1,1,156,"China",23611,"AS",51.3897318739901,349450.177,67785450.29,12690154.01,18.721,639.553,2533,"c06",1020,"c04","b05",366.032,703,0.00515523870542986,TRUE,TRUE
"43","Tongling--China","cl2","Tongling","1398386_20699",30.9363,117.8109,657.917,200.015,2.28933829962753,6.02457447270402,1,1,156,"China",20699,"AS",42.6765643046414,477977.52,111644281,96080838.25,86.06,28788.672,121,"c14",1351,"c16","b04",423.775,701,0.0042812539587227,TRUE,TRUE
"44","Wuhan--China","cl2","Wuhan","1426352_20712",30.5833,114.2667,8175.602,2515.887,2.24959030353907,5.91997448299755,1,1,156,"China",20712,"AS",92.674072057824,7738192.343,832289163.4,832289163.4,100,22496.975,77,"c11",1198,"c16","b04",854.626,738,0.00929748059122693,TRUE,TRUE
"45","Songzi--China","cl2","Songzi","1438950_23822",30.1736,111.7761,318.408,41.397,6.69157185303283,17.6093996132443,1,1,156,"China",23822,"AS",29.0504002864427,104581.441,35880960.94,28374258.49,79.079,544.466,440,"c11",1346,"c11","b01",247.355,728,0.00291467781966265,TRUE,TRUE
"46","Austin--United States of America","cl1","Austin","1438966_22926",30.27,-97.74,1915.11,383.283,3.99659520510954,10.5173558029198,1,1,840,"United States of America",22926,"AN",22.7254740354353,1406706.843,616965760.3,37995803.19,6.158,225.686,249,"c14",883,"c13","b08",83.682,908,0.00228004037422755,TRUE,TRUE
"47","Lafayette--United States of America","cl2","Lafayette","1440693_23034",30.2242,-92.0197,337.398,114.363,1.95023740195693,5.13220368936033,1,1,840,"United States of America",23034,"AN",14.2547196645106,135419.837,94682603.17,44702907.81,47.213,239.35,15,"c14",1526,"c16","b04",35.157,795,0.0014302504627683,TRUE,TRUE
"48","Yaan--China","cl2","Yaan","1451528_20747",29.9874,102.9945,337.77,76.857,3.39478512041844,8.93364505373274,1,1,156,"China",20747,"AS",93.6065134301067,327622.797,34882049.9,16831241.62,48.252,348.609,1862,"c11",1197,"c01","b05",131.651,703,0.00939230343225901,TRUE,TRUE
"49","Shangyu--China","cl2","Shangyu","1452721_23716",30.0311,120.8722,483.788,53.083,8.11380291242017,21.3521129274215,1,1,156,"China",23716,"AS",34.7991567187682,299272.748,85710420.32,77690587.95,90.643,1.569,181,"c14",1480,"c04","b01",741.787,791,0.0034916728547435,TRUE,TRUE
"50","Ningbo--China","cl2","Ningbo","1462996_20631",29.8782,121.5495,3815.252,447.458,7.52650304609595,19.8065869634104,1,1,156,"China",20631,"AS",50.713488654999,2981953.133,586008411.8,521242358.6,88.948,1.569,181,"c14",1480,"c04","b01",741.787,791,0.00508858417892082,TRUE,TRUE
"51","Al-Qahirah (Cairo)--Egypt","cl1","Al-Qahirah (Cairo)","1470344_22812",30.0392,31.2394,20076.002,7348.778,1.7318830423235,4.55758695348289,1,1,818,"Egypt",22812,"AF",143.382053409175,23772744.45,1652453463,1230666978,74.475,1934.054,190,"c15",19,"c19","b13",1008.673,691,0.0143863321916739,TRUE,TRUE
"52","Jiujiang--China","cl2","Jiujiang","1470346_20578",29.7041,116.0013,865.936,151.454,4.71748517701744,12.4144346763617,1,1,156,"China",20578,"AS",53.4116683288952,592869.518,110622701.6,72778970.59,65.79,22722.322,116,"c14",1481,"c11","b04",877.334,710,0.00535938382831901,TRUE,TRUE
"53","Shiraz--Iran (Islamic Republic of)","cl2","Shiraz","1474144_21520",29.6036,52.5388,1605.027,549.02,1.92343994754289,5.0616840724813,1,1,364,"Iran (Islamic Republic of)",21520,"AS",43.1017538540066,896516.48,207283578,59781686.68,28.841,17.643,1773,"c12",290,"c19","b04",147.763,774,0.00432507238947795,TRUE,TRUE
"54","Houston--United States of America","cl2","Houston","1481922_23014",29.7602,-95.3694,6114.577,2423.766,1.52275879767271,4.00725999387556,2,1,840,"United States of America",23014,"AN",16.6745225833056,5769384.814,3448215571,648145463.5,18.797,0.152,46,"c14",1194,"c04","b07",377.691,908,0.00167315085011545,TRUE,TRUE
"55","Meerut--India","cl2","Meerut","1509979_21332",28.9716,77.7193,1636.349,523.199,2.12758434171319,5.59890616240314,1,1,356,"India",21332,"AS",88.8585510297026,2114833.515,237151509.1,55409430.35,23.365,34.569,195,"c18",879,"c16","b01",1077.509,515,0.00891764730077359,TRUE,TRUE
"56","Rampur--India","cl2","Rampur","1516096_21382",28.8062,79.0277,409.123,201.385,1.03154654020905,2.71459615844487,1,1,356,"India",21382,"AS",144.169986722016,519011.952,35870798.11,5829407.797,16.251,304.025,495,"c18",1305,"c16","b01",713.488,575,0.0144689267969009,TRUE,TRUE
"57","Shangrao--China","cl2","Shangrao","1530827_20658",28.4604,117.9531,975.381,110.564,7.82186787742846,20.583862835338,1,1,156,"China",20658,"AS",61.9715599496636,532955.416,85684225.23,29330904.88,34.231,481.324,259,"c14",1848,"c16","b01",308.852,704,0.0062199945739067,TRUE,TRUE
"58","Delhi--India","cl1","Delhi","1534191_21228",28.6667,77.2167,28513.682,5587.014,4.10356372831713,10.798851916624,1,1,356,"India",21228,"AS",121.653016287381,30340262.26,2484938696,824250477.8,33.17,39.605,285,"c16",540,"c16","b13",994.433,707,0.0122096622781233,TRUE,TRUE
"59","Changsha--China","cl2","Changsha","1549180_20474",28.2274,112.9383,4344.862,830.053,4.23443924665052,11.1432611753961,1,1,156,"China",20474,"AS",79.7453409065518,3436944.448,429395523.3,151456066.3,35.272,2847.784,176,"c14",1470,"c04","b01",547.636,723,0.00800414597149573,TRUE,FALSE
"60","Palm Bay-Melbourne--United States of America","cl1","Palm Bay-Melbourne","1556721_23062",28.059,-80.5983,508.638,214.846,1.36745389721009,3.59856288739499,1,1,840,"United States of America",23062,"AN",7.12107814805731,331842.242,464197257.6,127872034.9,27.547,0.703,9,"c13",1369,"c16","b08",425.222,892,0.000714873335779052,TRUE,TRUE
"61","Fuzhou, Jiangxi--China","cl2","Fuzhou, Jiangxi","1556836_20514",27.9812,116.3557,910.434,121.628,6.48539809912191,17.0668371029524,1,1,156,"China",20514,"AS",98.625879394203,621343.04,62762917.77,36856017.39,58.723,899.998,179,"c14",1554,"c04","b01",283.326,703,0.00989984312515495,TRUE,TRUE
"62","Lengshuijiang--China","cl2","Lengshuijiang","1570090_20595",27.6879,111.4374,319.137,88.484,2.60671985895755,6.85978910251987,1,1,156,"China",20595,"AS",131.752393857762,210803.83,15939144.54,7848275.01,49.239,746.187,437,"c14",1430,"c04","b01",365.883,722,0.013225542278695,TRUE,TRUE
"63","Huaihua--China","cl2","Huaihua","1576823_20545",27.5494,109.9592,685.188,90.415,6.57825582038379,17.3111995273258,1,1,156,"China",20545,"AS",189.17722250011,794544.335,41838895.77,17832371.16,42.622,172.642,650,"c11",1212,"c04","b01",187.206,666,0.0189905665619817,TRUE,TRUE
"64","Farrukhabad--India","cl2","Farrukhabad","1584168_21242",27.3905,79.5801,332.881,156.836,1.12247825754291,2.95389015142871,1,1,356,"India",21242,"AS",122.015765602418,549070.945,44827229.98,44827229.98,100,621.271,440,"c18",1166,"c16","b01",686.374,565,0.0122486030309027,TRUE,TRUE
"65","Asyut--Egypt","cl1","Asyut","1598056_22807",27.181,31.1837,450.246,233.532,0.927984173475155,2.4420636144083,1,1,818,"Egypt",22807,"AF",85.5648367937252,924100.237,107576946.7,102014668.1,94.829,2549.4,280,"c15",3,"c19","b13",433.263,691,0.00859013260133734,TRUE,TRUE
"66","Agra--India","cl2","Agra","1601924_21151",27.1833,78.0167,2110.488,739.177,1.85518624091388,4.88206905503653,1,1,356,"India",21151,"AS",125.866929929623,2643205.529,209178927.9,209178927.9,100,384.986,185,"c16",696,"c16","b01",887.468,544,0.0126360984614263,TRUE,TRUE
"67","Kaili--China","cl2","Kaili","1637903_20582",26.5834,107.9719,331.186,90.931,2.64216823745477,6.95307430909151,1,1,156,"China",20582,"AS",78.8079163107142,346754.832,43822688.53,5886957.545,13.434,292.256,820,"c11",1236,"c11","b01",148.159,638,0.00791267819551097,TRUE,TRUE
"68","Panzhihua--China","cl2","Panzhihua","1637996_23690",26.5851,101.7128,689.802,340.918,1.02336632269343,2.69306927024588,1,1,156,"China",23690,"AS",59.8796559128308,437121.488,72705542.96,45937974.56,63.184,1810.264,2245,"c11",961,"c04","b01",111.455,650,0.00601221681599281,TRUE,TRUE
"69","Sanming--China","cl2","Sanming","1658335_20653",26.2641,117.6191,362.524,118.409,2.06162538320567,5.42532995580439,1,1,156,"China",20653,"AS",87.9817914828065,255147.195,28881587.58,18854099.2,65.281,300.311,538,"c14",1740,"c01","b01",130.394,758,0.00883425103600208,TRUE,TRUE
"70","Xuanwei--China","cl2","Xuanwei","1660319_23791",26.229,104.1018,309.975,36.371,7.52258667619807,19.796280726837,1,1,156,"China",23791,"AS",55.6240352706437,311494.598,55766711.07,31299939.61,56.127,505.911,1517,"c11",1198,"c04","b01",214.458,637,0.00558567274317115,TRUE,TRUE
"71","McAllen--United States of America","cl2","McAllen","1660332_23061",26.2163,-98.2364,958.295,68.005,13.0915373869568,34.4514141762022,1,1,840,"United States of America",23061,"AN",19.6511001535399,337998.923,171294474.1,51158130.17,29.866,0.266,19,"c13",647,"c13","b07",125.863,908,0.00197320389216221,TRUE,TRUE
"72","Guwahati (Gauhati)--India","cl2","Guwahati (Gauhati)","1664946_21261",26.1735,91.7503,1083.352,329.427,2.2885950453363,6.02261854035867,1,1,356,"India",21261,"AS",67.8854586220278,1269458.076,186234531.5,176678910.7,94.869,19234.648,563,"c13",2538,"c16","b01",464.499,607,0.0068164484093005,TRUE,TRUE
"73","Muzaffarpur--India","cl2","Muzaffarpur","1672059_21342",26.1167,85.4,480.209,185.257,1.59212337455535,4.18979835409302,1,1,356,"India",21342,"AS",60.2182629836238,1234474.391,204156950.6,204156950.6,100,249.701,100,"c18",1279,"c16","b01",1176.227,510,0.00604669293586127,TRUE,TRUE
"74","Maunath Bhanjan--India","cl2","Maunath Bhanjan","1678145_21330",25.9475,83.559,339.944,84.617,3.01744330335512,7.94064027198715,1,1,356,"India",21330,"AS",145.253551178679,421235.298,28880239.75,28880239.75,100,100.358,84,"c18",1084,"c16","b01",1103.132,515,0.014585588680925,TRUE,TRUE
"75","Purnia--India","cl2","Purnia","1686271_21373",25.7833,87.4667,438.416,106.738,3.1074031741273,8.17737677401922,1,1,356,"India",21373,"AS",129.865797551299,298691.334,22904532.89,15840685.9,69.16,52.578,44,"c18",1420,"c16","b01",1108.896,498,0.0130407083800607,TRUE,TRUE
"76","Yaroslavl--Russian Federation","cl1","Yaroslavl","168828_22396",57.6299,39.8737,612.138,602.036,0.0167797274581588,0.0441571775214705,1,1,643,"Russian Federation",22396,"EU",34.7747598062846,577261.013,166479338.3,82480357.69,49.544,1046.566,135,"c07",604,"c02","b06",85.168,792,0.00346746340353516,TRUE,TRUE
"77","Rangpur--Bangladesh","cl2","Rangpur","1693978_20132",25.75,89.25,391.296,134.489,1.90950189234807,5.02500497986335,1,1,50,"Bangladesh",20132,"AS",36.0435891377312,969572.548,267876507.8,132974711.7,49.64,20697.836,1025,"c13",2201,"c16","b01",716.672,615,0.00361947583968018,TRUE,TRUE
"78","Patna--India","cl2","Patna","1698459_21364",25.6,85.1167,2352.092,921.385,1.55277869728724,4.08625972970325,1,1,356,"India",21364,"AS",185.056225726541,2886877.121,155341587,155341587,100,10038.841,111,"c17",1000,"c16","b01",1186.043,499,0.0185840583758166,TRUE,TRUE
"79","Begusarai--India","cl2","Begusarai","1706404_204943",25.4167,86.1333,412.836,66.054,5.24997729130711,13.8157297139661,1,1,356,"India",204943,"AS",70.8471794884908,949352.205,133432469.9,133432469.9,100,249.701,100,"c18",1279,"c16","b01",1176.227,510,0.00711485147289475,TRUE,TRUE
"80","Bhilwara--India","cl2","Bhilwara","1715216_21191",25.35,74.6333,431.638,119.378,2.61572484042286,6.88348642216542,1,1,356,"India",21191,"AS",80.4176614481807,402088.307,49786562.05,8401448.225,16.875,33.738,410,"c16",600,"c16","b02",310.773,588,0.00807624166931205,TRUE,TRUE
"81","Bhagalpur--India","cl2","Bhagalpur","1719740_21187",25.25,87,464.63,221.061,1.10181805022143,2.89952118479324,1,1,356,"India",21187,"AS",66.4490105980452,318955.251,47795121.83,47795121.83,100,10504.358,103,"c18",1120,"c16","b01",840.373,501,0.00667338503988912,TRUE,TRUE
"82","Bihar Sharif--India","cl2","Bihar Sharif","1723971_21201",25.1833,85.5167,356.459,147.203,1.42154711520825,3.74091346107434,1,1,356,"India",21201,"AS",181.346825713718,544040.477,29871623.98,11800550.29,39.504,238.489,173,"c17",1000,"c16","b02",805.577,501,0.0182126180138131,TRUE,TRUE
"83","Kota--India","cl2","Kota","1728459_21310",25.1665,75.8561,1298.54,346.137,2.75152035176823,7.24084303096903,1,1,356,"India",21310,"AS",88.480010596318,1150240.138,129442794.4,22526986.05,17.403,192.86,466,"c18",871,"c16","b02",329.364,525,0.00888608858709867,TRUE,TRUE
"84","Xingyi, Guizhou--China","cl2","Xingyi, Guizhou","1729107_20735",25.0945,104.8983,361.714,49.475,6.31104598281961,16.6080157442621,1,1,156,"China",20735,"AS",38.5286110537995,227318.805,58748279.47,15042198.11,25.604,684.974,1150,"c14",1259,"c11","b01",139.735,664,0.00386936957219455,TRUE,FALSE
"85","English Bazar--India","cl2","English Bazar","1737015_21237",25,88.15,401.011,91.294,3.39252305737507,8.9276922562502,1,1,356,"India",21237,"AS",50.5510979839794,126377.745,24892209.89,24892209.89,100,392.7,38,"c18",1685,"c16","b01",857.095,622,0.00507699981474003,TRUE,TRUE
"86","Anning--China","cl2","Anning","1741039_23577",24.9211,102.4784,300.097,41.575,6.218208057727,16.363705415071,1,1,156,"China",23577,"AS",39.4387078093378,216912.893,54762131.28,36400077.83,66.469,174.788,2142,"c11",983,"c13","b01",430.009,647,0.00396100166173079,TRUE,TRUE
"87","Karachi--Pakistan","cl1","Karachi","1749124_22044",24.9056,67.0822,15400.223,5047.815,2.0508691384292,5.3970240484979,1,1,586,"Pakistan",22044,"AS",243.567906534677,18412759.46,752720300.3,59063026.53,7.847,0.054,60,"c16",199,"c12","b13",7830.103,561,0.024461622003102,TRUE,TRUE
"88","Culiacán--Mexico","cl2","Culiacán","1749193_21838",24.7994,-107.3897,804.467,305.537,1.63296098344881,4.29726574591793,1,1,484,"Mexico",21838,"AN",49.9166147196964,663890.976,132420231.1,46904370.55,35.421,131.528,1356,"c11",985,"c04","b03",43.729,761,0.00501351621640539,TRUE,TRUE
"89","Sylhet--Bangladesh","cl2","Sylhet","1749593_20136",24.8967,91.8717,775.942,209.36,2.7062571646924,7.12172938076946,1,1,50,"Bangladesh",20136,"AS",59.2638509739273,1380847.728,231993399.7,231993399.7,100,2462.097,347,"c13",3637,"c16","b01",552.302,601,0.00595209919672555,TRUE,TRUE
"90","Mymensingh--Bangladesh","cl2","Mymensingh","1754396_20126",24.75,90.4,446.59,148.446,2.00843404335583,5.28535274567324,1,1,50,"Bangladesh",20126,"AS",43.237248358673,994456.712,228999246.9,228999246.9,100,566.737,14,"c18",2037,"c16","b01",2455.185,579,0.00434262001059882,TRUE,TRUE
"91","Imphal--India","cl2","Imphal","1757116_21277",24.8167,93.95,539.736,172.368,2.13130047340574,5.60868545633089,1,1,356,"India",21277,"AS",41.9905236177685,764227.53,181207156.5,180932268.2,99.848,766.773,916,"c13",1692,"c11","b01",116.174,575,0.00421742465783905,TRUE,TRUE
"92","Satna--India","cl2","Satna","1760928_21397",24.5833,80.8333,330.166,93.849,2.51805559995312,6.62646210513978,1,1,356,"India",21397,"AS",105.134109508401,483616.904,45798167.7,3571078.234,7.797,211.535,286,"c18",999,"c16","b02",370.615,511,0.0105597435069438,TRUE,TRUE
"93","Taizhong--China, Taiwan Province of China","cl2","Taizhong","1786647_895000388",24.1416,120.6727,1283.437,604.972,1.12148165534934,2.95126751407721,1,1,158,"China, Taiwan Province of China",895000388,"AS",70.4090110307633,2323497.364,328534970.6,2981240.656,0.907,12.47,772,"c13",2519,"c01","b01",656.209,856,0.00707229845199316,TRUE,FALSE
"94","Aswan--Egypt","cl1","Aswan","1790129_22808",24.0934,32.907,332.779,160.067,1.07899816951651,2.83946886714872,1,1,818,"Egypt",22808,"AF",91.9282398984032,376905.784,40816312.43,36504232.55,89.435,2629.186,276,"c16",1,"c19","b13",24.265,691,0.00923419489809114,TRUE,TRUE
"95","Agartala--India","cl2","Agartala","1802401_21150",23.8364,91.275,534.387,129.76,3.11827219482121,8.20597946005581,1,1,356,"India",21150,"AS",49.8871781884796,892980.49,178191462.6,46786126.82,26.256,4866.036,21,"c18",2112,"c16","b01",1525.852,592,0.0050113539502425,TRUE,TRUE
"96","Raniganj--India","cl2","Raniganj","1813573_21385",23.6164,87.1306,364.731,51.011,6.15004606849503,16.1843317591974,1,1,356,"India",21385,"AS",74.6004587983356,171581.055,22896855.13,938363.319,4.098,417.14,71,"c17",1236,"c16","b02",1167.75,667,0.00749365159651075,TRUE,FALSE
"97","Santipur--India","cl2","Santipur","1835931_21396",23.2472,88.433,349.978,130.646,1.67882675321097,4.41796514002886,1,1,356,"India",21396,"AS",55.4965937835976,155390.463,27868380.77,27868380.77,100,680.034,79,"c18",1341,"c16","b01",1237.708,614,0.00557586981039372,TRUE,TRUE
"98","Ahmadabad--India","cl2","Ahmadabad","1851691_21152",23.0333,72.6167,7680.935,2483.901,2.09228709195737,5.50601866304571,1,1,356,"India",21152,"AS",204.579095273152,7426221.158,361310260.5,80839388.64,22.374,101.418,166,"c17",741,"c16","b02",526.632,696,0.0205535850205948,TRUE,TRUE
"99","Huizhou--China","cl2","Huizhou","1853500_20553",23.0833,114.4,2359.64,142.793,15.5248996799563,40.8549991577797,1,1,156,"China",20553,"AS",56.6531415592467,1495642.937,262773047.8,171779238.2,65.372,896.865,89,"c13",1930,"c16","b01",2191.506,775,0.00569176690502274,TRUE,TRUE
"100","Tomsk--Russian Federation","cl1","Tomsk","187501_22375",56.4942,84.9742,584.938,431.403,0.355896922367253,0.936570848334876,1,1,643,"Russian Federation",22375,"AS",41.9121244266608,599343.379,143377248.8,35925692.16,25.057,1044.914,439,"c07",507,"c06","b05",45.832,795,0.00418018468073715,TRUE,TRUE
"101","Mandalay--Myanmar","cl2","Mandalay","1913384_20333",21.9747,96.0836,1374.061,498.55,1.7561147327249,4.62135455980237,1,1,104,"Myanmar",20333,"AS",77.097636220721,1881182.324,242815131.4,229705318.2,94.601,8314.032,366,"c18",1421,"c02","b01",172.088,556,0.00774738507091242,TRUE,TRUE
"102","Navsari--India","cl2","Navsari","1953712_21351",20.9485,72.9308,326.563,125.186,1.60862236991357,4.23321676293044,1,1,356,"India",21351,"AS",92.4946379762134,406976.407,43781299.29,14654266.65,33.472,11.588,193,"c18",1939,"c16","b01",442.285,730,0.00929566763892173,TRUE,TRUE
"103","Querétaro--Mexico","cl2","Querétaro","1972345_21863",20.6,-100.3833,1287.963,217.591,4.91919242983395,12.9452432364051,1,1,484,"Mexico",21863,"AN",52.5918337102849,862506.073,163172060.2,23566541.3,14.443,10.464,2068,"c14",590,"c13","b13",229.556,749,0.00528586862201057,TRUE,TRUE
"104","Bhubaneswar--India","cl2","Bhubaneswar","1983022_21196",20.2333,85.8333,1100.402,208.727,4.27196768985325,11.2420202364559,1,1,356,"India",21196,"AS",76.7475669764184,1105164.964,143268949.2,11033878.29,7.702,120.662,42,"c17",1343,"c16","b01",589.006,491,0.00771391826471217,TRUE,TRUE
"105","Chiang Rai--Thailand","cl2","Chiang Rai","1996142_205937",19.9083,99.8325,535.078,34.151,14.668003865187,38.6000101715446,1,1,764,"Thailand",205937,"AS",42.7525538615524,111156.64,25866102.02,24880870.08,96.191,112.203,803,"c13",1448,"c11","b01",74.047,681,0.0042973865916887,TRUE,TRUE
"106","Morelia--Mexico","cl2","Morelia","2003256_21856",19.7008,-101.1844,923.657,298.898,2.09020803083326,5.50054744956121,1,1,484,"Mexico",21856,"AN",56.225354488052,618478.899,109429368.2,27165621.13,24.825,45.367,2331,"c11",866,"c04","b03",303.605,743,0.00565185479157321,TRUE,TRUE
"107","Santiago-1-Dominican Republic","cl2","Santiago, D.R.","2013273_20897",19.4602,-70.6997,650.138,266.993,1.43503762270921,3.77641479660318,1,1,214,"Dominican Republic",20897,"AN",48.1478820780452,727033.019,150211700.7,5715855.222,3.805,1.201,400,"c18",1426,"c16","b01",268.857,642,0.00484005583860618,TRUE,TRUE
"108","Nanded Waghala--India","cl2","Nanded Waghala","2024763_21348",19.1618,77.3137,658.901,186.047,2.54158357834311,6.68837783774502,1,1,356,"India",21348,"AS",117.428676885898,716314.929,60680075.35,23218099.32,38.263,295.67,390,"c17",987,"c16","b02",467.883,775,0.0118047798205313,TRUE,TRUE
"109","Puebla--Mexico","cl2","Puebla","2028870_21862",19.0415,-98.205,3096.703,1021.444,2.03169140941647,5.34655634056967,1,1,484,"Mexico",21862,"AN",41.7458368842163,2116513.93,504329166.2,36124062.79,7.163,47.721,2115,"c11",756,"c04","b03",409.543,741,0.00419669150992679,TRUE,TRUE
"110","Lampang--Thailand","cl2","Lampang","2055863_204121",18.2923,99.4928,437.312,43.188,9.12577567842919,24.015199153761,1,1,764,"Thailand",204121,"AS",45.1541898783052,158039.665,34812759.16,21178189.03,60.835,133.476,578,"c18",1118,"c02","b01",74.036,740,0.004539705234901,TRUE,TRUE
"111","Minatitlán--Mexico","cl2","Minatitlán","2067223_206420",18.0013,-94.5581,391.522,107.631,2.63763228066263,6.94113758069114,1,1,484,"Mexico",206420,"AN",40.7892973347629,159078.26,38785975.39,16542605.42,42.651,917.076,259,"c18",2400,"c16","b01",50.849,719,0.00410143765627754,TRUE,TRUE
"112","Vientiane--Lao People's Democratic Republic","cl2","Vientiane","2069620_21772",17.9667,102.6,664.754,211.026,2.15010472643181,5.6581703327153,1,1,418,"Lao People's Democratic Republic",21772,"AS",19.6568250624511,239813.266,121339283.9,121339283.9,100,4561.196,314,"c18",1472,"c16","b01",110.675,696,0.0019763860333776,TRUE,TRUE
"113","Khammam--India","cl2","Khammam","2090710_21302",17.25,80.15,321.556,95.177,2.37850531115711,6.25922450304502,1,1,356,"India",21302,"AS",93.4526118124601,336429.403,35801259.55,1380066.518,3.855,2046.84,147,"c17",956,"c16","b02",362.447,641,0.00939713873837715,TRUE,TRUE
"114","Rajahmundry--India","cl2","Rajahmundry","2099302_21377",17.0038,81.7894,529.341,238.347,1.2208838374303,3.21285220376395,1,1,356,"India",21377,"AS",86.1247281895059,559810.733,64638291.38,34717674.71,53.711,3372.557,198,"c17",1243,"c02","b01",394.161,641,0.00866066724612113,TRUE,TRUE
"115","Oaxaca de Juárez--Mexico","cl2","Oaxaca de Juárez","2099310_21858",17.05,-96.7167,684.211,155.211,3.40826358956517,8.96911470938203,1,1,484,"Mexico",21858,"AN",41.0882787115014,493059.345,119337331.8,20208419.49,16.934,211.814,1668,"c14",1119,"c04","b03",78.181,701,0.00413164378290549,TRUE,TRUE
"116","Kolhapur--India","cl2","Kolhapur","2111986_21307",16.6956,74.2317,607.067,345.029,0.759466595561533,1.9985963041093,1,1,356,"India",21307,"AS",92.723518072997,806694.607,86511740.1,14746676.44,17.046,539.404,631,"c18",1029,"c16","b13",444.525,753,0.00932468363331418,TRUE,TRUE
"117","Hue--Viet Nam","cl2","Hue","2120244_23366",16.4667,107.6,384.99,168.944,1.2788024434132,3.36526958792948,1,1,704,"Viet Nam",23366,"AS",47.4089730009195,388753.579,81537455.84,26718400.3,32.768,0.099,246,"c13",2326,"c01","b01",241.911,682,0.00476779137876029,TRUE,TRUE
"118","Al-Khartum (Khartoum)--Sudan","cl2","Al-Khartum (Khartoum)","2152806_22579",15.5518,32.5324,5534.079,1164.234,3.75340782007741,9.8773890002037,1,1,729,"Sudan",22579,"AF",72.4458578472856,5433439.339,745703652.8,710873053.4,95.329,1300.549,407,"c17",215,"c19","b07",217.751,490,0.00728632522932976,TRUE,TRUE
"119","San Pedro Sula--Honduras","cl2","San Pedro Sula","2153701_21135",15.5,-88.0333,850.621,196.001,3.3398809189749,8.78916031309185,1,1,340,"Honduras",21135,"AN",61.3935606640259,1234010.569,199849919.6,40302928,20.167,0.22,503,"c18",1608,"c01","b01",258.555,625,0.00617468634198039,TRUE,TRUE
"120","Ubon Ratchathani--Thailand","cl2","Ubon Ratchathani","2159309_22627",15.2384,104.8487,482.238,51.638,8.33882024865409,21.9442638122476,1,1,764,"Thailand",22627,"AS",39.581130464178,178115.087,44740165.73,44740165.73,100,785.362,148,"c17",1484,"c16","b02",128.697,740,0.00398110029531175,TRUE,TRUE
"121","Angeles City--Philippines","cl2","Angeles City","2165769_22084",15.15,120.5833,468.342,189.546,1.47086195435409,3.87068935356339,2,1,608,"Philippines",22084,"AS",50.1317166481769,1278358.775,253523705.5,30330598.57,11.964,397.082,225,"c18",2312,"c16","b01",540.835,693,0.0050423638786709,TRUE,TRUE
"122","Nakhon Ratchasima--Thailand","cl2","Nakhon Ratchasima","2168728_22621",14.9707,102.102,755.661,95.959,6.8748319594827,18.0916630512703,1,1,764,"Thailand",22621,"AS",33.5802709998793,211555.707,62633577.37,20462395.66,32.67,29.215,345,"c18",1144,"c16","b02",163.47,740,0.00337767242241747,TRUE,TRUE
"123","Lop Buri--Thailand","cl2","Lop Buri","2174769_205943",14.7981,100.654,392.028,30.32,11.9296833773087,31.3939036244966,1,1,764,"Thailand",205943,"AS",57.5286538786421,212856.019,36784593.28,15438780.69,41.971,236.368,203,"c17",1204,"c16","b02",130.025,740,0.00578655355462992,TRUE,TRUE
"124","Nellore--India","cl2","Nellore","2186806_21352",14.4463,79.9842,707.341,228.127,2.10064569296927,5.52801498149807,1,1,356,"India",21352,"AS",95.2700653301717,666890.457,69588025.64,24652954.73,35.427,139.004,111,"c17",841,"c16","b13",260.1,641,0.00958340822097794,TRUE,TRUE
"125","Shimoga--India","cl2","Shimoga","2201260_21401",13.9316,75.5679,363.398,147.862,1.4576835157106,3.83600925186999,1,1,356,"India",21401,"AS",86.6877228176086,381425.98,43739764.41,5577338.971,12.751,137.029,690,"c18",1367,"c16","b01",278.314,704,0.00872034829508127,TRUE,TRUE
"126","Ratchaburi--Thailand","cl2","Ratchaburi","2217677_205960",13.5367,99.8169,390.397,41.309,8.45065240020335,22.2385589479035,1,1,764,"Thailand",205960,"AS",32.7054824920468,75222.61,22862695.24,15704095.49,68.689,588.955,452,"c18",1662,"c11","b01",50.267,739,0.00329018994525161,TRUE,TRUE
"127","Niamey--Niger","cl2","Niamey","2219915_21972",13.5137,2.1098,1213.781,274.625,3.41977605826127,8.99941067963491,1,1,562,"Niger",21972,"AF",84.611650107554,956111.646,112325661.4,86574704.06,77.075,736.679,240,"c17",458,"c13","b07",361.752,353,0.00851196097208113,TRUE,TRUE
"128","Ranipet--India","cl2","Ranipet","2239107_21168",12.9315,79.3323,335.038,113.193,1.95988267825749,5.15758599541445,1,1,356,"India",21168,"AS",40.0208603596244,304158.539,75541625.52,31840563.67,42.15,81.105,432,"c17",865,"c16","b13",459.558,726,0.00402637005632705,TRUE,TRUE
"129","Mangalore--India","cl2","Mangalore","2243083_21328",12.9172,74.856,694.078,323.365,1.14642277302738,3.01690203428259,1,1,356,"India",21328,"AS",40.0159029834549,964383.262,239545592.9,8055185.449,3.363,10.284,301,"c18",3648,"c01","b01",518.067,801,0.00402588605502998,TRUE,TRUE
"130","Chanthaburi--Thailand","cl2","Chanthaburi","2250172_205936",12.6094,102.1044,337.061,21.634,14.5801516132014,38.3688200347406,1,1,764,"Thailand",205936,"AS",45.1958858032393,99430.949,21865996.71,16066687.99,73.478,0.323,143,"c18",2532,"c01","b01",81.903,719,0.00454728637887918,TRUE,TRUE
"131","Bamako--Mali","cl2","Bamako","2252691_21818",12.65,-8,2446.749,489.071,4.00285030189891,10.5338165839445,1,1,466,"Mali",21818,"AF",94.1777979972014,3117285.114,328994734.6,133857366.8,40.687,1046.677,372,"c17",964,"c18","b07",294.37,442,0.00947518238487942,TRUE,TRUE
"132","Nha Trang--Viet Nam","cl2","Nha Trang","2266066_23370",12.25,109.1833,325.323,175.576,0.852889916617305,2.24444714899291,1,1,704,"Viet Nam",23370,"AS",45.6268626476005,447143.254,97408290.22,52078066.64,53.464,1.121,259,"c18",1402,"c16","b02",249.618,683,0.00459040244921773,TRUE,TRUE
"133","N'Djaména--Chad","cl2","N'Djaména","2271498_20420",12.1067,15.0444,1322.679,323.593,3.08747717039615,8.12493992209512,1,1,148,"Chad",20420,"AF",80.9584867202166,1643457.28,201759133.7,201759133.7,100,877.791,289,"c17",397,"c16","b07",96.078,426,0.00814564005039639,TRUE,TRUE
"134","Managua--Nicaragua","cl2","Managua","2271506_21967",12.1328,-86.2504,1047.923,524.694,0.997207896412004,2.62423130634738,1,1,558,"Nicaragua",21967,"AN",62.3175296661963,1314899.876,209717380.7,28826020.29,13.745,58.716,240,"c17",1291,"c16","b02",170.053,645,0.00626986600543595,TRUE,TRUE
"135","Nyala--Sudan","cl2","Nyala","2274018_22582",12.05,24.8833,834.485,96.189,7.67547224734637,20.1986111772273,1,1,729,"Sudan",22582,"AF",119.416150421871,644847.212,53669674.16,10798170.06,20.12,2.875,634,"c17",458,"c13","b07",54.087,490,0.0120151132290757,TRUE,TRUE
"136","Phnom Penh--Cambodia","cl2","Phnom Penh","2291181_20357",11.5625,104.916,1952.329,238.267,7.19387074164698,18.9312387938078,1,1,116,"Cambodia",20357,"AS",77.1247886585916,1951257.153,251443584.6,251443584.6,100,15252.028,55,"c17",1452,"c16","b01",381.239,593,0.00776021848441306,TRUE,TRUE
"137","Erode--India","cl2","Erode","2298182_21238",11.3428,77.7274,610.166,254.158,1.40073497588114,3.68614467337143,1,1,356,"India",21238,"AS",44.2624652110372,898528.044,201746411.5,56542313.1,28.026,287.251,302,"c17",724,"c16","b02",862.263,776,0.00445374982047698,TRUE,TRUE
"138","Karur--India","cl2","Karur","2310333_21300",10.9577,78.081,319.451,91.598,2.48753247887508,6.54613810230286,1,1,356,"India",21300,"AS",55.7935870618866,284547.294,50683012.69,18675040.16,36.847,25.836,470,"c17",754,"c16","b02",360.142,781,0.00561425374889252,TRUE,TRUE
"139","Barranquilla--Colombia","cl2","Barranquilla","2315459_20808",10.9639,-74.7964,2218.443,960.889,1.30874013543708,3.44405298799232,1,1,170,"Colombia",20808,"SA",131.90728265018,2110516.522,159005086.5,34542730.83,21.724,7247.917,71,"c17",1334,"c16","b01",127.867,727,0.0132732641983752,TRUE,TRUE
"140","Tiruchirappalli--India","cl2","Tiruchirappalli","2318174_21417",10.805,78.6856,1134.084,597.195,0.899017908723281,2.36583660190337,1,1,356,"India",21417,"AS",90.8248528507704,1298795.396,142110547.1,60800826.36,42.784,307.523,144,"c17",866,"c16","b02",516.789,773,0.00913933147471501,TRUE,TRUE
"141","Ottappalam--India","cl2","Ottappalam","2319041_206049",10.7667,76.3833,349.592,58.208,5.00590984057174,13.173446948873,1,1,356,"India",206049,"AS",43.9977055260708,241987.38,54657053.79,9581527.686,17.53,246.812,270,"c18",1945,"c02","b01",831.301,927,0.00442737694808339,TRUE,TRUE
"142","Ho Chi Minh City--Viet Nam","cl2","Ho Chi Minh City","2325638_22458",10.75,106.6667,8145.361,2716.087,1.99893228751509,5.26034812503971,3,1,704,"Viet Nam",22458,"AS",87.2301043980683,12892609.43,1468802295,1026510814,69.888,1273.562,386,"c18",2131,"c16","b02",475.483,681,0.00877763431735378,TRUE,TRUE
"143","Ufa--Russian Federation","cl2","Ufa","233022_22378",54.7852,56.0456,1128.752,984.732,0.146252990661419,0.384876291214259,1,1,643,"Russian Federation",22378,"EU",53.7305588624044,940284.78,175392949.1,63358474.48,36.124,442.568,216,"c08",566,"c02","b04",98.226,800,0.00536101813000417,TRUE,TRUE
"144","Vilnius--Lithuania","cl2","Vilnius","233023_21789",54.6892,25.2798,536.055,493.874,0.0854084240109824,0.224759010555217,1,1,440,"Lithuania",21789,"EU",34.9263066796591,352755.697,101223949.7,21375960.77,21.117,169.846,159,"c07",650,"c16","b04",50.986,826,0.00348490350401729,TRUE,TRUE
"145","Thrissur--India","cl2","Thrissur","2330401_21416",10.5167,76.2167,2773.826,447.137,5.20352598867908,13.6934894438923,1,1,356,"India",21416,"AS",73.6265818172248,1155937.335,156019247.3,73474764.31,47.093,7.172,75,"c18",2945,"c16","b01",1265.097,1000,0.00740894059549792,TRUE,TRUE
"146","Cumana--Venezuela (Bolivarian Republic of)","cl2","Cumana","2331142_23222",10.4635,-64.1775,379.733,170.507,1.22708158609324,3.22916206866642,1,1,862,"Venezuela (Bolivarian Republic of)",23222,"SA",66.1543015867808,344002.368,51676241.18,8136551.305,15.745,0.002,439,"c18",1250,"c01","b13",206.032,737,0.0066568767415138,TRUE,TRUE
"147","Kaluga--Russian Federation","cl1","Kaluga","237343_22262",54.5293,36.2754,346.16,271.036,0.277173512005785,0.729403978962593,1,1,643,"Russian Federation",22262,"EU",41.4563009537554,306776.627,74160612.91,6975982.098,9.407,425.946,192,"c07",636,"c02","b04",77.4,834,0.00413665172066874,TRUE,TRUE
"148","Butuan--Philippines","cl5","Butuan","2377333_22090",8.9492,125.5436,353.299,173.291,1.03876138980097,2.7335826047394,1,1,608,"Philippines",22090,"AS",54.053213804773,194591.57,35770226.33,34998368.9,97.842,587.922,285,"c18",3090,"c17","b01",117.142,508,0.00544004301803365,TRUE,TRUE
"149","Merida--Venezuela (Bolivarian Republic of)","cl2","Merida","2388775_23229",8.5952,-71.1434,336.618,152.529,1.20691147257243,3.17608282255902,1,1,862,"Venezuela (Bolivarian Republic of)",23229,"SA",48.6564980651497,262745.09,53654520.46,2176352.744,4.056,0.493,1412,"c17",1144,"c01","b01",81.226,750,0.00489697956010769,TRUE,TRUE
"150","Cagayan de Oro City--Philippines","cl2","Cagayan de Oro City","2391106_22093",8.4822,124.6472,720.854,228.838,2.15006248962148,5.65805918321442,1,1,608,"Philippines",22093,"AS",72.5227140144095,833721.12,114262737,8961481.814,7.843,1.363,596,"c13",2502,"c17","b01",306.303,656,0.00729652677582893,TRUE,TRUE
"151","Iligan--Philippines","cl2","Iligan","2397829_22101",8.2274,124.2426,354.143,168.197,1.10552506881811,2.90927649688977,1,1,608,"Philippines",22101,"AS",56.6369709645315,300175.946,52659243.55,149789.974,0.284,1.363,596,"c13",2502,"c17","b01",306.303,656,0.00570034671529192,TRUE,TRUE
"152","Ciudad Bolivar--Venezuela (Bolivarian Republic of)","cl2","Ciudad Bolivar","2401005_23219",8.1292,-63.5409,392.227,180.347,1.17484626858223,3.09170070679535,1,1,862,"Venezuela (Bolivarian Republic of)",23219,"SA",41.6499629545297,312374.722,74517997.45,17976276.9,24.123,32220.35,113,"c17",1056,"c13","b07",41.172,773,0.00419193661517268,TRUE,TRUE
"153","Lokoja--Nigeria","cl5","Lokoja","2410762_206383",7.8024,6.743,596.526,43,12.8726976744186,33.8755201958384,1,1,566,"Nigeria",206383,"AF",97.1662496109718,330365.249,33780687.23,14119059.13,41.796,2922.666,234,"c18",1198,"c03","b07",84.753,527,0.00977970775877551,TRUE,TRUE
"154","Oshogbo--Nigeria","cl5","Oshogbo","2411107_22014",7.7667,4.5667,685.51,317.563,1.15865828197869,3.0491007420492,1,1,566,"Nigeria",22014,"AF",45.4553251869462,409097.927,89419338.36,11124797.71,12.441,93.054,394,"c18",1275,"c17","b01",546.134,527,0.00457504981028804,TRUE,TRUE
"155","Colombo--Sri Lanka","cl2","Colombo","2451315_20414",6.9319,79.8478,599.821,585.715,0.0240833852641643,0.0633773296425376,1,1,144,"Sri Lanka",20414,"AS",38.3243957401879,4671743.841,1211072424,316223717.3,26.111,5.189,178,"c18",1885,"c16","b02",311.276,766,0.00385752639430918,TRUE,TRUE
"156","Abomey-Calavi--Benin","cl5","Abomey-Calavi","2453450_204024",6.4485,2.3557,927.545,65.349,13.1937137523145,34.720299348196,2,1,204,"Benin",204024,"AF",62.9209866329114,1893921.698,299034681.5,217892927.2,72.865,283.851,56,"c17",1115,"c12","b07",537.796,486,0.00633345165349993,TRUE,TRUE
"157","Abakaliki--Nigeria","cl5","Abakaliki","2455445_206382",6.3163,8.1169,515.063,72,6.15365277777778,16.1938230994152,1,1,566,"Nigeria",206382,"AF",85.5297990733547,162506.618,18875802.22,2242182.628,11.879,1729.767,73,"c18",2023,"c17","b01",298.425,527,0.00860925623748138,TRUE,TRUE
"158","Alor Star--Malaysia","cl2","Alor Star","2460697_21801",6.1167,100.3667,324.564,72.006,3.50745771185735,9.2301518733088,1,1,458,"Malaysia",21801,"AS",37.5138775864596,243840.204,64573218.56,33458043.59,51.814,84.503,90,"c18",2083,"c16","b01",216.5,787,0.00377618166536687,TRUE,TRUE
"159","Onitsha--Nigeria","cl5","Onitsha","2465265_22013",6.1454,6.7885,1284.592,256.693,4.00439045864126,10.5378696280033,2,1,566,"Nigeria",22013,"AF",52.8357549090412,4121188.883,774892135.8,131964503.8,17.03,3.127,49,"c18",2644,"c17","b01",734.224,527,0.00531840328814961,TRUE,TRUE
"160","Warri--Nigeria","cl2","Warri","2473723_22023",5.5167,5.75,773.616,113,5.8461592920354,15.3846297158826,1,1,566,"Nigeria",22023,"AF",74.0019893899578,1265434.019,169876433.5,55355272.53,32.586,5.373,49,"c18",2555,"c01","b01",264.469,527,0.00744914402149842,TRUE,TRUE
"161","Kuala Terengganu--Malaysia","cl2","Kuala Terengganu","2478767_21809",5.3302,103.1408,371.78,180.514,1.05956324717196,2.78832433466306,1,1,458,"Malaysia",21809,"AS",25.3498206422706,202798.565,79468969.31,42091800.69,52.966,0.533,172,"c18",3047,"c01","b01",120.493,789,0.00255192141990547,TRUE,TRUE
"162","Abidjan--Côte d'Ivoire","cl5","Abidjan","2478815_21602",5.3453,-4.0268,4920.776,1383.516,2.55671781172028,6.72820476768496,1,1,384,"Côte d'Ivoire",21602,"AF",126.054025301546,5458139.296,430150847,86515428.26,20.113,0.496,86,"c18",1461,"c17","b01",441.58,474,0.0126888958468098,TRUE,TRUE
"163","Calabar--Nigeria","cl2","Calabar","2485094_21982",4.9517,8.322,531.433,121,3.39200826446281,8.92633753806003,1,1,566,"Nigeria",21982,"AF",67.0476477300845,590019.3,87419755.48,87419755.48,100,8.81,97,"c18",2628,"c01","b01",236.959,527,0.00674926733391499,TRUE,TRUE
"164","Bogotá--Colombia","cl2","Bogotá","2491329_20837",4.6097,-74.0818,10574.409,3525.154,1.99970128964579,5.26237181485733,1,1,170,"Colombia",20837,"SA",185.001984262438,9953106.753,534443875.8,431827913.9,80.799,115.322,2341,"c11",1044,"c16","b01",918.235,727,0.0186232964838475,TRUE,TRUE
"165","Tula--Russian Federation","cl2","Tula","249254_22376",54.2021,37.6443,481.463,517.758,-0.0701003171365773,-0.184474518780467,1,1,643,"Russian Federation",22376,"EU",30.5039493317928,399601.736,131275612.6,33850682.2,25.786,46.444,214,"c07",624,"c16","b04",103.984,771,0.00304399063988828,TRUE,TRUE
"166","Bangui--Central African Republic","cl2","Bangui","2493141_20410",4.3612,18.555,850.946,346.672,1.45461415978216,3.82793199942673,1,1,140,"Central African Republic",20410,"AF",104.089957563567,1082535.559,103311703.8,60911579.6,58.959,3203.647,473,"c18",1576,"c09","b01",134.966,406,0.0104783438776275,TRUE,TRUE
"167","Douala--Cameroon","cl2","Douala","2496089_20362",4.0483,9.7043,3412.103,570.741,4.97837372818844,13.1009834952327,1,1,120,"Cameroon",20362,"AF",154.158561773694,3453151.784,222516273.2,20919962.75,9.402,617.825,567,"c18",2591,"c01","b01",116.657,518,0.015518648296326,TRUE,TRUE
"168","Cali--Colombia","cl2","Cali","2503195_20812",3.4372,-76.5225,2725.931,1192.067,1.28672633333529,3.38612192982971,1,1,170,"Colombia",20812,"SA",151.485153500176,2605544.64,170854776.2,65926566.06,38.586,481.298,1815,"c13",1766,"c17","b01",260.1,727,0.0152500544494582,TRUE,TRUE
"169","Kuching--Malaysia","cl5","Kuching","2525061_206412",1.55,110.3333,593.616,229.481,1.58677624727102,4.17572696650267,1,1,458,"Malaysia",206412,"AS",39.7701144704652,556781.603,139066091,2876178.94,2.068,23.518,67,"c18",3715,"c17","b01",143.458,768,0.00400371937541553,TRUE,TRUE
"170","Kisangani--Democratic Republic of the Congo","cl2","Kisangani","2539024_20854",0.5167,25.2,1167.095,291.436,3.00463566614969,7.90693596355181,1,1,180,"Democratic Republic of the Congo",20854,"AF",99.775419268113,728360.561,72511349.76,63470164.86,87.531,6605.019,528,"c18",1840,"c01","b01",13.103,435,0.0100447800711302,TRUE,TRUE
"171","Mbandaka--Democratic Republic of the Congo","cl2","Mbandaka","2547366_20858",0.0487,18.2603,414.305,129.235,2.20582659496266,5.80480682884912,1,1,180,"Democratic Republic of the Congo",20858,"AF",129.677702085062,389033.106,29799269.83,29799269.83,100,3855.129,313,"c18",1678,"c01","b01",267.568,435,0.0130551220959228,TRUE,TRUE
"172","Samarinda--Indonesia","cl2","Samarinda","2556615_21471",-0.4948,117.1436,948.459,258.428,2.67010927608463,7.02660335811746,1,1,360,"Indonesia",21471,"AS",76.3398677406635,1084026.122,141048632.1,106297417.5,75.362,2979.314,49,"c18",2072,"c11","b01",99.851,694,0.00768547773814248,TRUE,TRUE
"173","Belém--Brazil","cl2","Belém","2570197_20182",-1.4561,-48.479,2280.395,826.894,1.75778394812394,4.62574723190511,1,1,76,"Brazil",20182,"SA",79.0134372487411,2149165.493,270185792.4,220359540.8,81.559,4.225,20,"c18",2431,"c16","b01",834.707,672,0.00795439861552098,TRUE,TRUE
"174","Mogilev--Belarus","cl2","Mogilev","257092_20349",53.9141,30.3376,385.197,298.92,0.288629064632678,0.759550170085994,1,1,112,"Belarus",20349,"EU",46.0208714411517,409585.756,89182402.63,27637324.28,30.99,157.702,188,"c07",627,"c13","b04",73.951,786,0.00459267460756007,TRUE,TRUE
"175","Kigali--Rwanda","cl2","Kigali","2577629_22404",-1.9474,30.0579,1057.836,128.266,7.24720502705316,19.0715921764557,1,1,646,"Rwanda",22404,"AF",57.8418675253909,1237815.965,212570408.6,75619192.41,35.574,66.476,1877,"c14",1231,"c16","b01",554.811,498,0.00582308691577685,TRUE,TRUE
"176","Guayaquil--Ecuador","cl2","Guayaquil","2582250_20903",-2.1667,-79.9,2898.796,1119.663,1.58898972280052,4.18155190210663,1,1,218,"Ecuador",20903,"SA",98.767947291185,3012422.392,302963540.4,139556994.9,46.064,3.489,147,"c18",772,"c17","b02",190.936,739,0.00994318454300714,TRUE,TRUE
"177","Bukavu--Democratic Republic of the Congo","cl2","Bukavu","2587314_20850",-2.5083,28.8608,973.141,159.179,5.11350115279025,13.456581981027,1,1,180,"Democratic Republic of the Congo",20850,"AF",138.848658316609,749782.755,53639372.24,6734654.861,12.555,114.518,1469,"c18",1333,"c01","b01",381.565,428,0.0139782164423034,TRUE,TRUE
"178","Cuenca--Ecuador","cl2","Cuenca","2593065_20900",-2.8833,-78.9833,400.255,136.888,1.92395973350476,5.06305193027569,1,1,218,"Ecuador",20900,"SA",60.1601907383067,439169.392,72513720.59,1046228.065,1.443,1258.392,1652,"c13",2044,"c01","b01",33.338,739,0.00605636269145681,TRUE,TRUE
"179","Palembang--Indonesia","cl5","Palembang","2594843_21463",-2.9167,104.7458,1665.361,778.576,1.13898322064898,2.99732426486574,1,1,360,"Indonesia",21463,"AS",73.8957695036682,2150366.893,289061887.3,277993507,96.171,0.203,19,"c18",2323,"c17","b01",55.659,685,0.00743912285734252,TRUE,TRUE
"180","Manaus--Brazil","cl2","Manaus","2596948_20244",-3.1019,-60.025,2171.314,603.851,2.59577776636952,6.83099412202505,1,1,76,"Brazil",20244,"SA",84.9432828128514,2217019.681,259261764.5,63776250.76,24.599,29608.207,59,"c18",2273,"c01","b01",516.31,701,0.00855127899509454,TRUE,TRUE
"181","Kinshasa--Democratic Republic of the Congo","cl5","Kinshasa","2621257_20853",-4.3276,15.3136,13171.256,2052.874,5.41600799659404,14.2526526226159,1,1,180,"Democratic Republic of the Congo",20853,"AF",253.187139582916,9798342.302,384439767.1,88812849.11,23.102,38925.652,498,"c18",1483,"c01","b07",366.192,518,0.0254873276402003,TRUE,TRUE
"182","Novokuznetsk--Russian Federation","cl1","Novokuznetsk","262778_22318",53.7557,87.1099,553.543,548.606,0.00899917244798637,0.0236820327578589,1,1,643,"Russian Federation",22318,"AS",31.0763836136906,382239.518,123247969.9,49805710.93,40.411,1044.914,439,"c07",507,"c06","b05",45.832,795,0.00310138591580971,TRUE,TRUE
"183","Piura--Peru","cl2","Piura","2636156_22079",-5.2,-80.6333,460.274,196.49,1.34248053336048,3.53284350884336,1,1,604,"Peru",22079,"SA",71.74115715825,416098.712,57617836.54,34080493.28,59.149,37.547,519,"c18",279,"c13","b02",89.087,740,0.007221699685151,TRUE,TRUE
"184","Preston--United Kingdom","cl2","Preston","264308_22873",53.761,-2.7024,324.753,265.327,0.223972682765041,0.589401796750108,1,1,826,"United Kingdom",22873,"EU",29.195359572381,230643.341,79161631.54,8418568.578,10.635,1.544,180,"c10",1110,"c13","b04",284.211,898,0.00291357487855031,TRUE,TRUE
"185","Recife--Brazil","cl5","Recife","2696482_20268",-8.0539,-34.8811,4027.623,2122.422,0.897654189411908,2.36224786687344,1,1,76,"Brazil",20268,"SA",77.3560048796961,3697617.033,474918966.3,89434921.26,18.832,1.138,127,"c18",1503,"c17","b01",497.518,696,0.00778578514521625,TRUE,TRUE
"186","Porto Velho--Brazil","cl2","Porto Velho","2706116_20265",-8.7619,-63.9039,486.963,99.621,3.8881561116632,10.2319897675347,1,1,76,"Brazil",20265,"SA",47.7989606944435,415850.958,86444090.02,74279112.12,85.927,19624.375,92,"c18",2088,"c01","b01",115.697,715,0.00481063491909958,TRUE,TRUE
"187","Petrolina--Brazil","cl2","Petrolina","2712689_20258",-9.3986,-40.5008,458.696,133.021,2.44829763721518,6.44288851898731,1,1,76,"Brazil",20258,"SA",46.4041941156399,417637.747,89430219.59,89430219.59,100,2364.552,450,"c18",505,"c18","b02",26.553,693,0.00466998458591171,TRUE,TRUE
"188","Aracaju--Brazil","cl2","Aracaju","2726758_20174",-10.9111,-37.0717,972.609,292.689,2.3230117975052,6.11318894080316,1,1,76,"Brazil",20174,"SA",67.3534832539095,862124.586,127204664.8,49522954.16,38.932,0.749,138,"c18",1095,"c17","b02",218.266,691,0.00677746045992489,TRUE,TRUE
"189","Huancayo--Peru","cl2","Huancayo","2734516_22073",-12.0667,-75.2333,377.627,160.115,1.35847359710208,3.57493051868969,1,1,604,"Peru",22073,"SA",120.143492010487,252301.333,20871624.62,20217127.31,96.864,802.806,3881,"c07",858,"c13","b01",45.405,740,0.0120882460083263,TRUE,TRUE
"190","Szczecin--Poland","cl2","Szczecin","273949_22156",53.4289,14.553,403.478,388.328,0.0390134113429885,0.102666871955233,1,1,616,"Poland",22156,"EU",39.7667505603686,310180.654,78152184.99,40889011.77,52.32,594.676,51,"c08",554,"c16","b04",99.51,876,0.00396893131061773,TRUE,TRUE
"191","Edmonton--Canada","cl1","Edmonton","273952_20373",53.5434,-113.5037,1397.424,622.57,1.24460542589588,3.27527743656811,1,1,124,"Canada",20373,"AN",22.4459056660079,1140252.008,508991152.6,33095846.98,6.502,228.143,705,"c07",469,"c16","b06",45.595,930,0.00224021970161058,TRUE,TRUE
"192","Lilongwe--Malawi","cl5","Lilongwe","2749534_21799",-13.9669,33.7873,1029.639,124.008,7.30300464486162,19.2184332759516,1,1,454,"Malawi",21799,"AF",65.6025264597198,833152.086,126248180.7,5951205.89,4.714,45.781,1138,"c14",920,"c16","b07",306.57,475,0.00659931954171914,TRUE,TRUE
"193","Tete--Mozambique","cl5","Tete","2765368_21917",-16.1564,33.5867,325.161,45.153,6.20131552720749,16.3192513873881,1,1,508,"Mozambique",21917,"AF",65.6989654418299,190527,28835452.59,24480336.14,84.897,2562.706,425,"c18",789,"c12","b07",38.042,418,0.00660738718788391,TRUE,TRUE
"194","Chitungwiza--Zimbabwe","cl5","Chitungwiza","2781171_22511",-18.0127,31.0756,378.136,156.261,1.41990003903725,3.73657905009803,1,1,716,"Zimbabwe",22511,"AF",66.310646916539,338184.299,50723586.51,711125.545,1.402,60.994,1061,"c14",800,"c03","b07",114.562,512,0.00666720005954878,TRUE,TRUE
"195","Antananarivo--Madagascar","cl2","Antananarivo","2788321_21792",-18.9137,47.5361,3058.387,580.033,4.27278103142407,11.2441606090107,1,1,450,"Madagascar",21792,"AF",108.497007315708,2799222.789,256633643.9,129622275.1,50.509,299.927,1316,"c14",1463,"c13","b01",264.384,512,0.0109074661702997,TRUE,TRUE
"196","São Paulo--Brazil","cl3","São Paulo","2826477_20287",-23.5475,-46.6361,21650.181,12089.454,0.790831992908861,2.08113682344437,1,1,76,"Brazil",20287,"SA",95.4232489842422,19132361.42,1995847639,601399046.5,30.133,285.304,741,"c14",1498,"c16","b01",2055.071,814,0.00958608314890513,TRUE,TRUE
"197","San Salvador de Jujuy--Argentina","cl1","San Salvador de Jujuy","2829500_20084",-24.1946,-65.2971,351.334,124.009,1.83313307905071,4.82403441855451,1,1,32,"Argentina",20084,"SA",54.4829585610663,190690.355,34844386.02,4839646.062,13.889,34.307,3207,"c08",315,"c14","b10",33.294,813,0.00547262778258016,TRUE,TRUE
"198","Asunción--Paraguay","cl2","Asunción","2840290_22065",-25.3007,-57.6359,3222.199,773.873,3.16373099978937,8.32560789418256,1,1,600,"Paraguay",22065,"SA",32.0846331195683,1418140.784,440117636.8,106018190.5,24.089,4158.233,106,"c13",1227,"c15","b07",61.826,693,0.00322218576449468,TRUE,TRUE
"199","Ciudad del Este--Paraguay","cl2","Ciudad del Este","2840993_22066",-25.5167,-54.6167,314.193,33.334,8.42560148797024,22.1726354946585,1,1,600,"Paraguay",22066,"SA",34.9271248279485,565819.422,161314449.3,13908899.67,8.622,10264.127,315,"c13",1630,"c17","b01",49.713,719,0.00350755573636018,TRUE,TRUE
"200","Matola--Mozambique","cl2","Matola","2845088_21911",-25.9622,32.4589,1635.392,201.279,7.12500062102852,18.7500016342856,2,1,508,"Mozambique",21911,"AF",65.7413269455616,2794006.395,423233511,4271885.427,1.009,0.014,232,"c13",742,"c03","b01",255.184,460,0.0066015717621188,TRUE,TRUE
"201","Posadas--Argentina","cl2","Posadas","2859320_20072",-27.3671,-55.8961,373.801,142.181,1.62905029504645,4.28697446064856,1,1,32,"Argentina",20072,"SA",43.4681227207001,356438.606,81682054.95,47771000.9,58.484,13107.12,255,"c14",1673,"c01","b01",49.941,757,0.00436373211004775,TRUE,TRUE
"202","Resistencia--Argentina","cl2","Resistencia","2859997_20073",-27.4606,-58.9839,422.277,217.203,0.944158229858704,2.4846269206808,1,1,32,"Argentina",20073,"SA",43.9440941655401,404285.666,91643803.51,91643803.51,100,58.49,126,"c13",921,"c02","b07",7.705,792,0.00441148938079468,TRUE,TRUE
"203","Brisbane--Australia","cl2","Brisbane","2861428_206170",-27.4679,153.0281,2338.12,1134.779,1.06041881282611,2.7905758232266,1,1,36,"Australia",206170,"OC",20.6667026868081,1029201.794,496077223.4,104816774.6,21.129,48.269,270,"c14",967,"c01","b04",86.72,957,0.00207468060506,TRUE,TRUE
"204","La Serena-Coquimbo--Chile","cl1","La Serena-Coquimbo","2878020_206161",-29.9045,-71.2489,461.638,140.528,2.28502504838893,6.01322381154982,1,1,152,"Chile",206161,"SA",42.1574324180901,446868.784,105645057.2,5099672.667,4.827,0.001,1659,"c11",87,"c12","b12",23.818,837,0.00422990716124104,TRUE,TRUE
"205","Puerto Alegre--Brazil","cl2","Puerto Alegre","2878989_20264",-30.0331,-51.23,4094.398,2289.536,0.788309072231229,2.07449755850324,1,1,76,"Brazil",20264,"SA",52.3917168529716,1802275.06,342849307.4,39072185.41,11.396,0.678,113,"c14",1462,"c17","b01",188.854,783,0.0052567557264956,TRUE,TRUE
"206","Córdoba--Argentina","cl1","Córdoba","2885085_20059",-31.4135,-64.1811,1548.176,1009.521,0.533574834005434,1.4041443000143,1,1,32,"Argentina",20059,"SA",46.0961181533563,1401321.992,303064774.2,20807547.59,6.866,268.114,469,"c12",769,"c16","b08",94.432,845,0.00462383658971607,TRUE,TRUE
"207","Santa Fe--Argentina","cl2","Santa Fe","2886333_20085",-31.6327,-60.6983,548.56,386.262,0.420175942753882,1.10572616514179,1,1,32,"Argentina",20085,"SA",56.8579254450294,358204.93,62807960.98,62807960.98,100,83.89,33,"c14",1006,"c15","b09",21.155,830,0.00570317718344755,TRUE,TRUE
"208","Pelotas--Brazil","cl2","Pelotas","2886877_20257",-31.7719,-52.3425,323.45,196.016,0.65012039833483,1.71084315351271,1,1,76,"Brazil",20257,"SA",44.828140993721,286900.102,63807594.41,48503175.21,76.015,1184.973,93,"c14",1389,"c13","b07",184.218,776,0.00449633158329875,TRUE,TRUE
"209","Perth--Australia","cl1","Perth","2888858_206172",-31.9478,115.8525,1990.745,921.623,1.16004266386581,3.05274385227845,1,1,36,"Australia",206172,"OC",16.4066820762523,1256751.847,763732960.1,231683531.1,30.336,140.282,229,"c12",738,"c01","b12",118.829,958,0.00164553831333329,TRUE,TRUE
"210","Newcastle-Maitland--Australia","cl2","Newcastle-Maitland","2893099_206177",-32.9249,151.7409,444.688,290.283,0.531911961775233,1.39976832046114,1,1,36,"Australia",206177,"OC",14.935382888085,198640.592,132629526.2,3555192.63,2.681,0.859,93,"c11",1225,"c01","b04",352.944,954,0.0014977101833302,TRUE,TRUE
"211","Rosario--Argentina","cl1","Rosario","2893379_20075",-32.9468,-60.6393,1488.162,953.491,0.56075096671075,1.4756604387125,1,1,32,"Argentina",20075,"SA",51.2339677460606,1250108.813,243335872.7,243335872.7,100,17844.971,55,"c12",928,"c16","b08",118.599,828,0.00513737986565266,TRUE,TRUE
"212","East London (Buffalo City)--South Africa","cl1","East London (Buffalo City)","2893380_22483",-33.0153,27.9116,692.665,193.935,2.57163482610153,6.76746006868823,1,1,710,"South Africa",22483,"AF",34.0451951735365,238316.366,69808552.52,753060.853,1.079,0.457,395,"c14",699,"c03","b12",124.458,622,0.00341385628833548,TRUE,TRUE
"213","Santiago-2-Chile","cl2","Santiago, Chile","2896276_20439",-33.4569,-70.6483,6680.371,3720.64,0.795489754450847,2.09339409066012,1,1,152,"Chile",20439,"SA",87.7486914864832,6326680.656,719099475.8,16164424.07,2.248,155.795,1670,"c11",495,"c14","b04",462.821,887,0.00879806044770308,TRUE,TRUE
"214","Buenos Aires--Argentina","cl3","Buenos Aires","2903125_20058",-34.6051,-58.4004,14966.53,9919.781,0.508756090482239,1.33883181705852,1,1,32,"Argentina",20058,"SA",68.0501047410941,13548775.85,1986260873,389747635.6,19.622,1.596,20,"c12",989,"c14","b08",792.558,822,0.00682124691382369,TRUE,TRUE
"215","Concepción--Chile","cl2","Concepción","2907533_205346",-36.827,-73.0498,857.336,447.738,0.914816254148632,2.40741119512798,1,1,152,"Chile",205346,"SA",44.1956892280411,587802.667,132745239.9,15183432.65,11.438,979.805,808,"c11",1422,"c03","b04",32.548,801,0.00442805080952661,TRUE,TRUE
"216","Melbourne--Australia","cl2","Melbourne","2911545_206168",-37.814,144.9633,4770.894,2839.019,0.680472726670727,1.79071770176507,1,1,36,"Australia",206168,"OC",23.5846599242135,3796941.571,1607317719,52057428.65,3.239,63.546,340,"c11",1004,"c01","b04",374.327,952,0.00236228439848363,TRUE,TRUE
"217","Temuco--Chile","cl2","Temuco","2912618_20442",-38.7333,-72.6,333.824,149.45,1.23368350618936,3.24653554260358,1,1,152,"Chile",20442,"SA",60.6281112718088,321328.99,52922305.77,11266254.32,21.288,323.282,425,"c10",1486,"c03","b04",50.468,788,0.00607171182972438,TRUE,TRUE
"218","Bahia Blanca--Argentina","cl1","Bahia Blanca","2912762_20057",-38.7196,-62.2724,312.08,222.408,0.403186935721737,1.06101825189931,1,1,32,"Argentina",20057,"SA",32.8984547163761,246738.41,74889648.03,14273863.4,19.06,0.067,78,"c11",618,"c14","b08",101.251,822,0.00329469314505469,TRUE,TRUE
"219","Neuquén-Plottier-Cipolletti--Argentina","cl1","Neuquén-Plottier-Cipolletti","2913022_20070",-38.9514,-68.0648,394.109,135.472,1.90915465926538,5.02409120859311,1,1,32,"Argentina",20070,"SA",47.5181478116073,209079.85,43937550.74,29711666.7,67.622,762.162,581,"c11",141,"c14","b08",18.614,837,0.00475856861565242,TRUE,TRUE
"220","Nottingham--United Kingdom","cl2","Nottingham","294639_22868",52.9536,-1.1505,774.751,603.623,0.283501457035269,0.746056465882286,1,1,826,"United Kingdom",22868,"EU",36.907220251529,627422.744,170312134.5,61746011.79,36.255,181.047,119,"c10",729,"c16","b04",652.103,894,0.00368395796249033,TRUE,TRUE
"221","Berlin--Germany","cl2","Berlin","314193_204296",52.5244,13.4105,3552.123,3056.082,0.162312725901988,0.427138752373653,1,1,276,"Germany",204296,"EU",51.0472514614482,3501841.45,687189233.9,436963944.7,63.587,90.289,73,"c08",563,"c16","b04",242.764,927,0.00509589102571649,TRUE,TRUE
"222","Warszawa (Warsaw)--Poland","cl2","Warszawa (Warsaw)","326676_22161",52.2298,21.0118,1767.798,1565.082,0.129524203843632,0.340853168009559,1,1,616,"Poland",22161,"EU",43.818735131061,1892969.358,432719627.3,193308868.5,44.673,579.565,127,"c08",516,"c16","b04",558.05,885,0.00437458631079755,TRUE,TRUE
"223","Saskatoon--Canada","cl1","Saskatoon","326681_20395",52.1168,-106.6345,311.252,150.218,1.07200202372552,2.82105795717242,1,1,124,"Canada",20395,"AN",22.882707475344,265439.407,116192834.3,4822864.513,4.151,261.108,507,"c08",367,"c16","b08",117.961,911,0.00228447312262525,TRUE,TRUE
"224","Brest--Belarus","cl2","Brest","326830_20344",52.0976,23.6878,351.532,186.798,0.881883103673487,2.32074500966707,1,1,112,"Belarus",20344,"EU",51.0557326589898,398234.715,78127315.37,65908946.81,84.361,22.329,149,"c08",569,"c16","b04",68.282,788,0.00509725328605003,TRUE,TRUE
"225","Utrecht--Netherlands","cl2","Utrecht","329734_21949",52.0908,5.1222,528.308,320.485,0.648464046679252,1.70648433336645,1,1,528,"Netherlands",21949,"EU",40.7616693992137,505444.701,124203001.4,32829596.15,26.432,0.922,3,"c10",789,"c16","b04",770.438,933,0.00406950472454524,TRUE,TRUE
"226","Ulan-Ude--Russian Federation","cl1","Ulan-Ude","338826_22380",51.8261,107.6098,438.805,307.235,0.428238970169414,1.12694465834056,1,1,643,"Russian Federation",22380,"AS",29.4747692178643,309485.077,105166164.5,43370007.86,41.24,71.179,952,"c07",370,"c05","b06",9.546,765,0.00294281985533474,TRUE,TRUE
"227","Reading-Wokingham--United Kingdom","cl2","Reading-Wokingham","351334_22874",51.4112,-0.8356,336.731,199.432,0.688450198563922,1.81171104885243,1,1,826,"United Kingdom",22874,"EU",35.5465405153419,259489.746,73108371.47,30879838.65,42.238,116.956,100,"c10",671,"c16","b04",1037.594,932,0.00354938484858032,TRUE,TRUE
"228","Calgary--Canada","cl2","Calgary","374806_20370",51.0441,-114.0593,1476.598,567.917,1.60002429932543,4.21059026138271,1,1,124,"Canada",20370,"AN",25.8972679072115,1193864.051,461643380,54804176.48,11.872,101.88,1353,"c08",484,"c04","b08",53.666,930,0.00258611755896943,TRUE,TRUE
"229","Köln (Cologne)--Germany","cl2","Köln (Cologne)","376348_204358",50.9333,6.95,1096.152,970.224,0.129792707663385,0.341559757008908,1,1,276,"Germany",204358,"EU",28.8361625374288,1666730.195,578793039.4,430108483.3,74.311,2451.061,186,"c10",847,"c16","b04",667.54,918,0.00287966523703844,TRUE,TRUE
"230","Bruxelles-Brussel--Belgium","cl2","Bruxelles-Brussel","380235_20144",50.8467,4.3499,2049.51,1653.78,0.23928817617821,0.629705726784763,1,1,56,"Belgium",20144,"EU",54.598006582663,1452306.975,266359160.3,16574340.68,6.223,262.463,55,"c10",749,"c16","b04",503.995,896,0.00545243862972187,TRUE,TRUE
"231","Liège--Belgium","cl2","Liège","388243_20148",50.6337,5.5675,673.346,632.293,0.0649271777482907,0.170860994074449,1,1,56,"Belgium",20148,"EU",25.2653528505602,404245.646,160210586.8,41849594.04,26.122,408.936,213,"c10",885,"c16","b04",262.271,897,0.00252321431482329,TRUE,TRUE
"232","Kyiv (Kiev)--Ukraine","cl2","Kyiv (Kiev)","397434_22765",50.4454,30.5186,2956.706,2201.38,0.343114773460284,0.902933614369168,1,1,804,"Ukraine",22765,"EU",56.0779932434766,2904840.05,518642635.5,285778386.9,55.101,1552.378,154,"c08",595,"c16","b04",138.893,743,0.00560085085793144,TRUE,TRUE
"233","Praha (Prague)--Czechia","cl2","Praha (Prague)","412720_20887",50.088,14.4208,1291.552,1178.553,0.0958794385997064,0.252314312104491,1,1,203,"Czechia",20887,"EU",41.3871974232551,1237477.203,299350678.8,44147252.68,14.748,156.58,288,"c08",515,"c16","b04",851.029,893,0.00413387137774547,TRUE,TRUE
"234","Winnipeg--Canada","cl1","Winnipeg","420028_20407",49.8955,-97.1294,800.249,581.241,0.376793791215692,0.991562608462347,1,1,124,"Canada",20407,"AN",24.0880754025483,727459.877,302344726.2,302344726.2,100,190.825,278,"c08",499,"c16","b08",24.589,898,0.00240606107519397,TRUE,TRUE
"235","Vancouver--Canada","cl2","Vancouver","447697_20404",49.2497,-123.1193,2530.746,1247.252,1.02905747996395,2.70804599990514,1,1,124,"Canada",20404,"AN",29.5533954419701,2107127.542,713705313.2,91156688.06,12.772,3.156,1009,"c06",1128,"c04","b05",64.995,923,0.00295237754718735,TRUE,TRUE
"236","Paris--France","cl3","Paris","469983_20985",48.8534,2.3488,10900.952,8669.349,0.257412984527442,0.677402590861691,1,1,250,"France",20985,"EU",59.3848383984433,9733175.014,1640454885,492407723,30.017,304.654,84,"c10",646,"c22","b04",6059.404,959,0.00593321712349315,TRUE,TRUE
"237","Khabarovsk--Russian Federation","cl1","Khabarovsk","480306_22268",48.4827,135.0838,625.953,537.981,0.16352250358284,0.43032237784958,1,1,643,"Russian Federation",22268,"AS",34.1292729148606,535829.585,157126778,55577302.74,35.371,8854.026,71,"c08",699,"c13","b09",29.569,784,0.00341017356697787,TRUE,TRUE
"238","Bratislava--Slovakia","cl2","Bratislava","492153_22448",48.1482,17.1067,429.92,376.517,0.141834233248432,0.373247982232717,1,1,703,"Slovakia",22448,"EU",30.6887405026935,359058.264,117084490.6,40067570.89,34.221,2081.493,137,"c10",601,"c16","b04",475.248,863,0.00306665948803299,TRUE,TRUE
"239","München (Munich)--Germany","cl2","München (Munich)","493536_204371",48.1371,11.5734,1503.708,1298.688,0.15786701655825,0.415439517258551,1,1,276,"Germany",204371,"EU",50.4391985224207,1765371.948,350251634.7,27497775.01,7.851,170.01,733,"c07",947,"c16","b04",339.302,943,0.00504029609886643,TRUE,TRUE
"240","Ulaanbaatar--Mongolia","cl1","Ulaanbaatar","502860_21882",47.9077,106.8832,1520.381,422.651,2.59724926712583,6.8348664924364,1,1,496,"Mongolia",21882,"AS",76.7537024621245,1274111.461,166110478.5,33966397.14,20.448,10.301,1763,"c07",315,"c05","b08",120.128,735,0.00767026543120818,TRUE,TRUE
"241","Basel--Switzerland","cl2","Basel","519437_22600",47.5584,7.5733,551.989,365.503,0.510217426395953,1.34267743788409,1,1,756,"Switzerland",22600,"EU",30.8305519325116,434710.782,141084978.1,35828361.06,25.395,1323.98,376,"c10",825,"c16","b04",288.194,931,0.00308119821014452,TRUE,TRUE
"242","Fujin--China","cl2","Fujin","532183_20507",47.2485,132.0373,302.569,84.331,2.58787397279767,6.81019466525702,1,1,156,"China",20507,"AS",72.6485692883553,217945.708,30017294.32,25269239.43,84.182,2194.77,55,"c08",554,"c16","b09",211.188,748,0.00726067132089205,TRUE,TRUE
"243","Chi?in?u--Republic of Moldova","cl1","Chi?in?u","541791_21885",47.0056,28.8575,509.707,519.1,-0.0180947794259295,-0.0476178405945514,1,1,498,"Republic of Moldova",21885,"EU",37.3797043174819,448556.452,120056389.8,13188443.26,10.985,336.99,109,"c09",520,"c16","b08",165.276,714,0.00373621472998849,TRUE,TRUE
"244","Québec--Canada","cl2","Québec","552587_20390",46.8123,-71.2145,815.604,568.047,0.435803727508463,1.14685191449596,1,1,124,"Canada",20390,"AN",20.7859062837404,600712.692,289118071.7,15846371.2,5.481,0.406,521,"c07",1157,"c06","b04",66.077,916,0.00207774176296846,TRUE,TRUE
"245","Genève--Switzerland","cl2","Genève","575953_22602",46.2022,6.1457,599.376,334.786,0.790325760336454,2.07980463246435,1,1,756,"Switzerland",22602,"EU",46.3525475401786,509878.023,110026403.5,32058945.98,29.138,594.41,1096,"c10",1248,"c02","b04",181.254,931,0.00463414241291636,TRUE,TRUE
"246","Wulanhaote--China","cl1","Wulanhaote","579588_20714",46.0748,122.0679,322.176,108.141,1.97922157183677,5.20847782062307,1,1,156,"China",20714,"AS",54.2797192420891,217118.877,40014981.09,27005875.16,67.489,20.567,734,"c08",438,"c13","b08",24.602,767,0.005425939762702,TRUE,TRUE
"247","Qitaihe--China","cl2","Qitaihe","594425_20647",45.7671,130.975,561.978,242.194,1.32036301477328,3.47463951256127,1,1,156,"China",20647,"AS",25.3202234595236,83556.737,33006204.54,1414022.174,4.284,49.275,236,"c08",559,"c16","b04",134.207,748,0.00253154636119212,TRUE,TRUE
"248","Zagreb--Croatia","cl2","Zagreb","595123_20865",45.8144,15.978,685.587,647.501,0.0588199863783994,0.154789437837893,1,1,191,"Croatia",20865,"EU",34.7898067129438,706233.076,203036859.2,90266423.27,44.458,198.58,530,"c10",1175,"c02","b04",160.195,878,0.00347834909770905,TRUE,TRUE
"249","Lyon--France","cl2","Lyon","596477_20972",45.7485,4.8467,1690.105,1277.813,0.322654410308864,0.849090553444378,1,1,250,"France",20972,"EU",44.0292230778143,1188789.023,270045766.5,83218133.61,30.816,1159.046,452,"c10",862,"c16","b04",241.645,930,0.00440217611409953,TRUE,TRUE
"250","Verona--Italy","cl2","Verona","610341_21600",45.4342,10.9978,621.908,497.166,0.250906135978727,0.660279305207178,1,1,380,"Italy",21600,"EU",44.6533406690846,214336.035,48004841.11,18362209.03,38.251,220.096,1275,"c07",905,"c04","b05",133.33,905,0.00446488375013809,TRUE,TRUE
"251","Montréal--Canada","cl2","Montréal","612724_20384",45.5088,-73.5878,4171.717,2823.607,0.477442505277824,1.25642764546796,1,1,124,"Canada",20384,"AN",29.2429772396712,3183507.474,1089120812,663077133,60.882,104.13,237,"c07",1032,"c06","b04",367.059,916,0.00292300673986202,TRUE,TRUE
"252","Ottawa-Gatineau--Canada","cl1","Ottawa-Gatineau","614078_20387",45.4166,-75.698,1363.159,728.873,0.870228421137839,2.290074792468,1,1,124,"Canada",20387,"AN",24.2226732023159,779970.077,322025715.4,142077685.4,44.12,1226.259,158,"c07",858,"c02","b04",104.279,925,0.00242207388944442,TRUE,TRUE
"253","Grenoble--France","cl1","Grenoble","624587_20963",45.1667,5.7167,522.071,434.612,0.201234664482343,0.529564906532481,1,1,250,"France",20963,"EU",40.9253491566019,343772.933,84003715.71,63174181.74,75.204,181.698,1451,"c07",1251,"c02","b05",87.845,929,0.00409235389285377,TRUE,TRUE
"254","Torino (Turin)--Italy","cl2","Torino (Turin)","632601_21597",45.0687,7.6772,1786.059,1860.498,-0.0400102553187373,-0.105290145575624,1,1,380,"Italy",21597,"EU",60.3393807619259,1249025.182,206999520.5,47346190.68,22.873,408.749,1106,"c11",1114,"c16","b05",179.832,894,0.0060339520544928,TRUE,TRUE
"255","Beograd (Belgrade)--Serbia","cl2","Beograd (Belgrade)","643964_23241",44.8176,20.4633,1389.351,1072.542,0.29538143960796,0.777319577915683,1,1,688,"Serbia",23241,"EU",54.9538444089725,1302406.112,236985012.5,123754483.5,52.22,1476.901,161,"c09",723,"c16","b04",168.336,786,0.00549573198009726,TRUE,TRUE
"256","Mudanjiang--China","cl2","Mudanjiang","653080_20621",44.5833,129.6,895.163,381.267,1.34786383295696,3.54701008672883,1,1,156,"China",20621,"AS",64.8966408899832,772270.027,118991603.6,49293354.93,41.426,146.084,510,"c08",603,"c02","b04",114.578,748,0.00649012202235755,TRUE,TRUE
"257","Bucuresti (Bucharest)--Romania","cl2","Bucuresti (Bucharest)","659868_22191",44.4328,26.1043,1821.38,1864.597,-0.0231776625190322,-0.0609938487342952,1,1,642,"Romania",22191,"EU",76.4796118977078,1942582.142,253964768.9,31977024.38,12.591,99.243,380,"c09",649,"c16","b04",264.499,796,0.00764902214749677,TRUE,TRUE
"258","Sarajevo--Bosnia and Herzegovina","cl2","Sarajevo","686143_20164",43.8486,18.3564,342.577,312.694,0.095566272458058,0.2514901906791,1,1,70,"Bosnia and Herzegovina",20164,"EU",28.6050604646829,294632.123,102972048.2,36328815.35,35.28,139.78,669,"c10",947,"c16","b04",143.395,750,0.00286128253395274,TRUE,TRUE
"259","Asahikawa--Japan","cl1","Asahikawa","689376_21611",43.7678,142.3703,335.552,297.698,0.127155708133746,0.334620284562491,1,1,392,"Japan",21611,"AS",31.2002768321811,308882.741,98970712.04,85964660.59,86.859,12.965,309,"c07",1229,"c02","b05",70.252,897,0.00312095098270245,TRUE,TRUE
"260","Toulouse--France","cl2","Toulouse","699745_20997",43.6043,1.4437,996.644,533.649,0.867602112999369,2.2831634552615,1,1,250,"France",20997,"EU",27.6138709292187,679301.225,245916787.9,60519222.96,24.61,148.432,661,"c11",873,"c16","b04",99.732,937,0.00276232147793111,TRUE,TRUE
"261","Kitchener-Cambrigde-Waterloo--Canada","cl2","Kitchener-Cambrigde-Waterloo","703193_20381",43.4254,-80.5112,545.311,285.325,0.911192499780952,2.39787499942356,1,1,124,"Canada",20381,"AN",25.5858350449444,350525.94,136951062,4857665.548,3.547,46.603,340,"c07",934,"c16","b04",134.057,926,0.00255949778615079,TRUE,TRUE
"262","Vladikavkaz--Russian Federation","cl2","Vladikavkaz","724769_22328",43.0367,44.6678,305.855,282.073,0.0843115080138831,0.221872389510219,1,1,643,"Russian Federation",22328,"EU",44.1374545607178,339858.4,76965065.1,4440996.818,5.77,134.464,1577,"c08",903,"c13","b04",87.452,780,0.00441574887981222,TRUE,TRUE
"263","Sapporo--Japan","cl1","Sapporo","727584_204581",43.0642,141.3469,2664.966,1996.031,0.335132570586329,0.881927817332444,1,1,392,"Japan",204581,"AS",52.5035043465524,2031885.618,386828815,152167610.5,39.337,12.965,309,"c07",1229,"c02","b05",70.252,897,0.00525267389400657,TRUE,TRUE
"264","Yanji--China","cl2","Yanji","728361_20754",42.9075,129.5078,651.693,165.585,2.93570069752695,7.72552815138671,1,1,156,"China",20754,"AS",62.6245706079511,425847.08,67963273.49,31698801.43,46.641,56.301,558,"c08",598,"c02","b04",93.53,759,0.00626584121294067,TRUE,TRUE
"265","London-2-Canada","cl2","London","728401_20382",42.9834,-81.233,502.577,283.063,0.7754952077806,2.04077686258053,1,1,124,"Canada",20382,"AN",22.7117770840734,358846.078,157922205,27601736.47,17.478,41.91,257,"c07",914,"c16","b04",105.843,926,0.00227229652726796,TRUE,TRUE
"266","Grand Rapids--United States of America","cl2","Grand Rapids","731732_23002",42.9564,-85.6649,596.731,376.165,0.586354392354419,1.54303787461689,1,1,840,"United States of America",23002,"AN",13.1721637841897,407019.861,308844348.4,77841357.98,25.204,132.801,250,"c08",838,"c16","b04",103.926,944,0.00131788023031215,TRUE,TRUE
"267","Sofia--Bulgaria","cl2","Sofia","741622_20327",42.6975,23.3242,1272.418,1074.414,0.184290227044696,0.484974281696568,1,1,100,"Bulgaria",20327,"EU",53.0003378015137,1091806.959,205887688.5,92264206.68,44.813,52.204,675,"c08",633,"c16","b04",179.639,820,0.00530292494395554,TRUE,TRUE
"268","Round Lake Beach-McHenry-Grayslake--United States of America","cl1","Round Lake Beach-McHenry-Grayslake","757974_23120",42.354,-88.1005,356.016,41.832,7.51061388410786,19.7647733792312,1,1,840,"United States of America",23120,"AN",10.6457709230978,343858.401,322796903.7,42257432.11,13.091,248.238,204,"c10",924,"c16","b08",440.202,950,0.00106524690001231,TRUE,TRUE
"269","Ann Arbor--United States of America","cl2","Ann Arbor","758032_22917",42.2776,-83.7409,325.573,209.102,0.557005671873057,1.46580439966594,1,1,840,"United States of America",22917,"AN",19.8198701009091,85225.441,42972281.42,1424866.409,3.316,14.863,273,"c08",803,"c16","b04",245.321,944,0.00198326544888386,TRUE,TRUE
"270","Tieling--China","cl2","Tieling","758470_20694",42.2931,123.8414,405.533,114.232,2.55008228867568,6.71074286493599,1,1,156,"China",20694,"AS",54.2855569161621,195428.005,35976302.2,8448540.326,23.484,214.672,140,"c09",632,"c16","b04",195.166,786,0.0054321315157287,TRUE,TRUE
"271","Windsor--Canada","cl2","Windsor","766026_20406",42.2811,-83.0079,333.483,249.309,0.337629207128503,0.888497913496061,2,1,124,"Canada",20406,"AN",12.7559628690314,3312723.557,2595412948,1029919860,39.682,9278.661,222,"c10",808,"c22","b04",918.55,941,0.0012763762928565,TRUE,TRUE
"272","Skopje--TFYR Macedonia","cl2","Skopje","770799_22802",42,21.4333,584.208,400.133,0.460034538515943,1.2106172066209,1,1,807,"TFYR Macedonia",22802,"EU",39.5209037677195,442634.122,111919311.5,64960388.45,58.042,183.074,750,"c09",602,"c16","b04",81.81,818,0.00395493964417391,TRUE,TRUE
"273","Fushun, Liaoning--China","cl2","Fushun, Liaoning","778772_20509",41.8807,123.9467,1288.18,991.234,0.299572048577833,0.788347496257456,1,1,156,"China",20509,"AS",44.9198004165074,1096043.13,243816791.9,70242108.4,28.809,162.431,243,"c10",794,"c02","b04",575.474,786,0.0044953553914758,TRUE,TRUE
"274","Roma (Rome)--Italy","cl1","Roma (Rome)","780792_21588",41.8947,12.4811,4209.71,3390.48,0.241626554352186,0.635859353558385,1,1,380,"Italy",21588,"EU",51.3529328181509,2475211.362,481645186.2,81547039.62,16.931,227.853,554,"c11",837,"c16","b12",254.632,900,0.00513907630122599,TRUE,TRUE
"275","Chongjin--Dem. People's Republic of Korea","cl2","Chongjin","784007_21713",41.7956,129.7758,637.281,509,0.252025540275049,0.663225105986971,1,1,408,"Dem. People's Republic of Korea",21713,"AS",94.9901612172375,674430.145,70945947.7,25239836.09,35.576,0.657,540,"c08",740,"c02","b04",160.899,700,0.00950625323735015,TRUE,TRUE
"276","Tbilisi--Georgia","cl2","Tbilisi","788164_21011",41.6941,44.8337,1077.333,1090.199,-0.0118015151362274,-0.0310566187795458,1,1,268,"Georgia",21011,"AS",73.4577475176695,969642.267,131895440.9,2845294.639,2.157,181.689,1638,"c07",762,"c16","b04",86.284,769,0.00735159805663912,TRUE,TRUE
"277","Zaragoza--Spain","cl1","Zaragoza","788291_205149",41.6561,-0.8773,723.75,582.775,0.241902964265797,0.636586748067888,1,1,724,"Spain",205149,"EU",65.8677066367017,645503.525,97919323.64,30527408.35,31.176,422.111,604,"c11",406,"c16","b12",225.264,900,0.00659219754594293,TRUE,TRUE
"278","Chicago--United States of America","cl1","Chicago","799245_22956",41.85,-87.6501,8864.276,7216.19,0.228387279159778,0.601019155683627,1,1,840,"United States of America",22956,"AN",18.2836087265022,7048331.164,3852061194,724950374.9,18.82,248.238,204,"c10",924,"c16","b08",440.202,950,0.00182975576166301,TRUE,TRUE
"279","Panjin--China","cl2","Panjin","816004_20633",41.1219,122.0701,1009.265,262.539,2.84424790221643,7.48486290056956,1,1,156,"China",20633,"AS",64.2470689679107,578223.621,89918063.79,89918063.79,100,253.223,72,"c09",573,"c16","b04",231.555,786,0.00643056129801035,TRUE,TRUE
"280","Sakarya--Turkey","cl2","Sakarya","841800_22648",40.7738,30.4024,510.45,140.231,2.64006532079212,6.947540317874,1,1,792,"Turkey",22648,"AS",35.9405199415678,334246.835,92908414.08,83919218.17,90.325,243.804,467,"c11",735,"c17","b04",172.953,767,0.00359759488211899,TRUE,TRUE
"281","Allentown-Bethlehem--United States of America","cl2","Allentown-Bethlehem","850666_22910",40.6091,-75.476,747.591,382.423,0.954879805869417,2.5128415943932,1,1,840,"United States of America",22910,"AN",12.785260099061,520360.086,406581089.1,30410271.59,7.48,547.309,283,"c10",1148,"c02","b04",271.311,947,0.00127984330789181,TRUE,TRUE
"282","Yerevan--Armenia","cl1","Yerevan","875489_20140",40.182,44.5146,1080.324,1041.587,0.0371903643190632,0.0978693797870084,1,1,51,"Armenia",20140,"AS",53.7987636665856,1027556.386,190782994.9,6014018.476,3.152,28.991,2064,"c08",510,"c12","b08",234.028,743,0.00538599567817141,TRUE,TRUE
"283","Ankara--Turkey","cl2","Ankara","887572_22656",39.9199,32.8543,4919.074,1891.414,1.60073891807928,4.21247083705073,1,1,792,"Turkey",22656,"AS",90.6410615562838,3435296.233,378551910.3,29832579.21,7.881,24.833,1084,"c09",437,"c16","b04",588.917,767,0.0090748352855426,TRUE,TRUE
"284","Hamhung--Dem. People's Republic of Korea","cl2","Hamhung","891417_21715",39.9183,127.5364,558.266,594,-0.0601582491582492,-0.158311181995393,1,1,408,"Dem. People's Republic of Korea",21715,"AS",84.5722649819083,761150.385,89891291.03,1602503.578,1.783,1.812,457,"c10",1073,"c02","b04",330.848,758,0.00846745414687587,TRUE,TRUE
"285","Samarkand--Uzbekistan","cl1","Samarkand","903141_23208",39.6542,66.9597,552.711,460.346,0.20064256016127,0.5280067372665,1,1,860,"Uzbekistan",23208,"AS",40.7747238846342,811417.005,198751606,631460.608,0.318,149.255,1484,"c11",501,"c19","b08",124.971,669,0.00408256829381293,TRUE,TRUE
"286","Denver-Aurora--United States of America","cl1","Denver-Aurora","907073_22972",39.7343,-104.9831,2752.504,1355.967,1.02991960718808,2.71031475575811,1,1,840,"United States of America",22972,"AN",17.9892714966428,2451937.705,1361316910,90281417.8,6.632,47.288,1806,"c09",418,"c12","b08",58.103,945,0.00180115128739567,TRUE,TRUE
"287","Langfang--China","cl2","Langfang","910909_20591",39.5097,116.6947,691.618,85.106,7.12654806946631,18.7540738670166,1,1,156,"China",20591,"AS",39.608293195782,499064.494,125837284.2,24525503.7,19.49,38.03,448,"c11",526,"c16","b04",1109.55,815,0.00396595092760274,TRUE,TRUE
"288","Wonsan--Dem. People's Republic of Korea","cl2","Wonsan","926095_21725",39.1528,127.4436,348.631,251.252,0.387575024278414,1.01993427441688,1,1,408,"Dem. People's Republic of Korea",21725,"AS",123.861136759964,359197.297,28960537.52,110673.169,0.382,1.812,457,"c10",1073,"c02","b04",330.848,758,0.0124029913723784,TRUE,TRUE
"289","P'yongyang--Dem. People's Republic of Korea","cl2","P'yongyang","935343_21722",39.0339,125.7543,3037.862,1842,0.649219326818675,1.70847191268072,1,1,408,"Dem. People's Republic of Korea",21722,"AS",112.757350022292,2841485.221,251647379.8,68460079.31,27.205,313.224,336,"c10",1093,"c02","b04",417.495,699,0.0112915350966829,TRUE,TRUE
"290","Kansas City--United States of America","cl1","Kansas City","942330_23028",39.1142,-94.6275,1663.246,1075.153,0.546985405798059,1.43943527841594,1,1,840,"United States of America",23028,"AN",11.7207974461992,1203725.898,1025571449,378648165.6,36.921,2033.619,258,"c11",976,"c16","b08",181.608,908,0.00117371237194026,TRUE,TRUE
"291","Washington, D.C.--United States of America","cl2","Washington, D.C.","948621_23174",38.8951,-77.0364,5206.593,2776.64,0.875141537973954,2.30300404729988,1,1,840,"United States of America",23174,"AN",23.6101433904208,3702070.484,1565765267,40791586.54,2.605,360.086,135,"c11",1020,"c06","b04",628.482,951,0.00236438408874221,TRUE,TRUE
"292","Manisa--Turkey","cl1","Manisa","952054_22709",38.612,27.4265,362.873,103.367,2.51053044008242,6.60665905284849,1,1,792,"Turkey",22709,"AS",85.6759031390303,368406.383,42933545.97,4716337.88,10.985,82.734,591,"c11",682,"c16","b12",100.994,767,0.00858085151544262,TRUE,TRUE
"293","Dushanbe--Tajikistan","cl1","Dushanbe","958580_22615",38.5358,68.7791,872.653,506.228,0.72383392463475,1.90482611745987,1,1,762,"Tajikistan",22615,"AS",84.5249373257807,1217159.097,143779394.1,15081845.4,10.49,152.317,1694,"c11",671,"c13","b08",161.131,629,0.00846546269456007,TRUE,TRUE
"294","St. Louis--United States of America","cl1","St. Louis","960484_23152",38.6286,-90.1972,2212.937,1850.965,0.195558532981445,0.514627718372223,1,1,840,"United States of America",23152,"AN",12.8190687685672,1156280.003,900656931.4,571803059.4,63.487,6468.828,151,"c11",966,"c16","b08",732.374,933,0.00128381846926182,TRUE,TRUE
"295","Yinchuan--China","cl1","Yinchuan","961991_20761",38.4681,106.2731,1483.09,242.13,5.12518068806013,13.4873176001582,1,1,156,"China",20761,"AS",65.6248631644708,1745621.36,265592482.3,204148942.7,76.865,0.134,1367,"c09",203,"c14","b05",214.979,725,0.00657255561182727,TRUE,TRUE
"296","Sacramento--United States of America","cl2","Sacramento","962157_23121",38.5816,-121.4944,2054.34,802.636,1.55949147558794,4.10392493575773,1,1,840,"United States of America",23121,"AN",20.8323776368158,1699922.015,814781066.8,288420836,35.399,103.608,1098,"c11",1087,"c04","b05",189.609,951,0.00208635434016199,TRUE,TRUE
"297","Diyarbakir--Turkey","cl2","Diyarbakir","986962_22677",37.9158,40.2189,998.588,235.252,3.24475881182732,8.53883897849294,1,1,792,"Turkey",22677,"AS",92.8321501168879,575559.331,61896996.19,5702694.045,9.213,196.307,936,"c12",654,"c16","b04",100.479,767,0.00929866336701144,TRUE,TRUE
"298","Batman--Turkey","cl2","Batman","989483_22663",37.8874,41.1322,416.359,80.747,4.15634017362874,10.937737299023,1,1,792,"Turkey",22663,"AS",93.519038069058,448891.383,47919926.78,4930356.716,10.289,87.961,1190,"c11",735,"c16","b04",88.735,767,0.00936753065297567,TRUE,TRUE
